Ссылка;Текст;Тип;Автор;"Ссылка на автора";Дата;Лайков;Комментариев;Репостов;Переходов;"Просмотров вики страницы";Просмотров;"Лайков / Просмотров";"Комментариев / Просмотров";"Репостов / Просмотров";"Переходов / Просмотров";"Просмотров вики страницы / Просмотров поста"
https://vk.com/wall-227735992_3789;"Рабочие будни мотострелков: два колеса, бронежилет и верный дрон над головой. 🇷🇺 
 
Хотите подписать контракт? Лучшие условия в личных сообщениях☝";Пост;"СЛУЖБА ПО КОНТРАКТУ | НОВОСТИ";https://vk.com/club227735992;"16:20 24.07.2025";0;0;0;0;0;190;0%;0%;0%;0%;0%
https://vk.com/wall-148824521_116489;"Тройка удачи на позициях! Слева — мастер по шуткам, справа — по миномётам.";Пост;"Интересное о Войне|факты,истории,герои.";https://vk.com/club148824521;"08:05 24.07.2025";8;0;0;0;0;322;2,484%;0%;0%;0%;0%
https://vk.com/wall-34894142_518685;"Тройка удачи на позициях! Слева — мастер по шуткам, справа — по миномётам.";Пост;"ВДВ - НИКТО, КРОМЕ НАС!";https://vk.com/club34894142;"05:00 24.07.2025";32;4;0;0;0;1186;2,698%;0,337%;0%;0%;0%
https://vk.com/wall-127210915_45834;"Работаем слаженно, молча, по делу. Всем, кто за нас — низкий поклон. Мы не подведём 🇷🇺
--Новости России— #Россия #новости";Пост;"РОССИЯ и НОВОРОССИЯ - Операция Z";https://vk.com/club127210915;"11:30 24.07.2025";0;0;0;0;0;34;0%;0%;0%;0%;0%
https://vk.com/wall449424289_27330;"Работаем слаженно, молча, по делу. Всем, кто за нас — низкий поклон. Мы не подведём";Пост;"Татьяна Воробьева";https://vk.com/id449424289;"11:08 24.07.2025";2;0;0;0;0;20;10%;0%;0%;0%;0%
https://vk.com/wall-226226539_300269;"Работаем с душой, стоим с братьями. Привет всем, кто на связи. Двигаемся вперёд! ✊";Пост;"Надежда России, Защитники!";https://vk.com/club226226539;"17:00 24.07.2025";163;6;1;0;0;1209;13,482%;0,496%;0,083%;0%;0%
https://vk.com/wall-221142732_9276;"Работаем с душой, стоим с братьями. Привет всем, кто на связи. Двигаемся вперёд! ✊🇷🇺";Пост;"Приграничье Брянск";https://vk.com/club221142732;"06:00 24.07.2025";71;2;0;0;0;2374;2,991%;0,084%;0%;0%;0%
https://vk.com/wall-226226539_300249;"💫 Позывной «ВАМПИР». 

Боец Александрийской бригады «Чёрные гусары».";Пост;"Надежда России, Защитники!";https://vk.com/club226226539;"15:00 24.07.2025";142;4;1;0;0;1373;10,342%;0,291%;0,073%;0%;0%
https://vk.com/wall-221068073_52294;"Наша пушистая поддержка всегда рядом.";Пост;"Россия-это мы!";https://vk.com/club221068073;"23:55 24.07.2025";55;0;0;0;0;447;12,304%;0%;0%;0%;0%
https://vk.com/wall-185468447_5395;"Наша пушистая поддержка всегда рядом.";Пост;"•156• РЕГИОН•";https://vk.com/club185468447;"14:56 24.07.2025";2;0;0;0;0;133;1,504%;0%;0%;0%;0%
https://vk.com/wall-127210915_45840;"Броник не давит, потому что уже привык, а очки — на случай яркой Победы. Короче, в пути. Не переключайтесь! 😉
--Новости России— #Россия #новости";Пост;"РОССИЯ и НОВОРОССИЯ - Операция Z";https://vk.com/club127210915;"15:30 24.07.2025";3;0;0;0;0;63;4,762%;0%;0%;0%;0%
https://vk.com/wall-127211089_62167;"Военнослужащий Отдела мобильных действий Пограничной службы ФСБ 🇷🇺
&gt;Новости России&lt; #Россия #новости";Пост;"Новости России и Спецоперации Z";https://vk.com/club127211089;"12:00 24.07.2025";0;0;0;0;0;38;0%;0%;0%;0%;0%
https://vk.com/wall-53474_3946727;"Военнослужащий Отдела мобильных действий Пограничной службы ФСБ 🇷🇺";Пост;"ВЕЛИКАЯ РОССИЯ - ЭТУ СТРАНУ НЕ ПОБЕДИТЬ";https://vk.com/club53474;"05:10 24.07.2025";149;1;1;0;0;5698;2,615%;0,018%;0,018%;0%;0%
https://vk.com/wall-227497192_29272;"Каждый выезд — шаг ближе к победе. Мы не герои, просто делаем своё дело.";Пост;"СВО ДНР";https://vk.com/club227497192;"19:33 24.07.2025";100;7;3;0;0;1051;9,515%;0,666%;0,285%;0%;0%
https://vk.com/wall-231523142_118;"Каждый выезд — шаг ближе к победе. Мы не герои, просто делаем своё дело.";Пост;"(9) девятый";https://vk.com/club231523142;"13:36 24.07.2025";2;2;0;0;0;35;5,714%;5,714%;0%;0%;0%
https://vk.com/wall-140051820_88587;"Каждый выезд — шаг ближе к победе. Мы не герои, просто делаем своё дело.";Пост;"Из зоны СВО с любовью | СВО в фото";https://vk.com/club140051820;"10:00 24.07.2025";68;3;0;0;0;1291;5,267%;0,232%;0%;0%;0%
https://vk.com/wall-218311823_282207;"Связь есть, настрой боевой, а главное — вера в правое дело. Мы русские — с нами Бог! 🇷🇺";Пост;"НОВОСТИ СВО | АРМИЯ РОССИИ";https://vk.com/club218311823;"06:00 24.07.2025";242;11;1;0;0;4828;5,012%;0,228%;0,021%;0%;0%
https://vk.com/wall-223501868_27214;"Плечом к плечу, без лишних слов. Каждый знает, за что стоит ✊";Пост;"&quot;Смех без границ&quot;";https://vk.com/club223501868;"16:21 24.07.2025";12;1;0;0;0;1692;0,709%;0,059%;0%;0%;0%
https://vk.com/wall-138926668_26688;"Позывной «ПЕТРОВИЧ». 
 
Контрактник из Иркутской области. В зоне СВО с 2024 года. 
 
- Передаю привет всем, кто меня знает. Ничего боятся не надо. Смерть ищет того, кто послабже. А кто её не боится, она обходит стороной. Ну и дураком быть не надо – самому её искать";Пост;"Росгвардия предупреждает! Не нарушать закон!";https://vk.com/club138926668;"23:52 24.07.2025";0;0;0;0;0;15;0%;0%;0%;0%;0%
https://vk.com/wall-4144008_3106848;"Позывной «ПЕТРОВИЧ». 
 
Контрактник из Иркутской области. В зоне СВО с 2024 года. 
 
- Передаю привет всем, кто меня знает. Ничего боятся не надо. Смерть ищет того, кто послабже. А кто её не боится, она обходит стороной. Ну и дураком быть не надо – самому её искать";Пост;"ПАТРИОТЫ РОССИИ";https://vk.com/club4144008;"22:22 24.07.2025";312;13;4;0;0;7001;4,457%;0,186%;0,057%;0%;0%
https://vk.com/wall-140051820_88601;"В каждом шаге — верность присяге. Стоим на своём, не дрогнем 👍";Пост;"Из зоны СВО с любовью | СВО в фото";https://vk.com/club140051820;"14:00 24.07.2025";52;0;0;0;0;1059;4,91%;0%;0%;0%;0%
https://vk.com/wall-140051820_88598;"Пока есть такие парни — нас не сломать. Работаем на победу! ✊";Пост;"Из зоны СВО с любовью | СВО в фото";https://vk.com/club140051820;"12:00 24.07.2025";151;3;0;0;0;1690;8,935%;0,178%;0%;0%;0%
https://vk.com/wall-216035260_25398;"Пока есть такие парни — нас не сломать. Работаем на победу! ✊";Пост;"С любых высот, в любое пекло! Гвардия 11 одшбр.";https://vk.com/club216035260;"10:44 24.07.2025";142;1;0;0;0;2479;5,728%;0,04%;0%;0%;0%
https://vk.com/wall-86820203_299241;"Пока есть такие парни — нас не сломать. Работаем на победу! ✊";Пост;"Силовой Блок";https://vk.com/club86820203;"10:43 24.07.2025";10;0;1;0;0;114;8,772%;0%;0,877%;0%;0%
https://vk.com/wall-189878921_50652;"Пока есть такие парни — нас не сломать. Работаем на победу! ✊";Пост;"БУРЯТИЯ 03";https://vk.com/club189878921;"06:30 24.07.2025";390;5;2;0;0;5125;7,61%;0,098%;0,039%;0%;0%
https://vk.com/wall-214713479_41602;"Боец морской пехоты Тихоокеанского флота, позывной «КИРЯ» 🇷🇺";Пост;"Мужики - авто, мото, юмор";https://vk.com/club214713479;"20:13 24.07.2025";0;0;0;0;0;0;0%;0%;0%;0%;0%
https://vk.com/wall-224678279_100661;"Доброе утро, друзья! ☀️✨ Сегодняшний день — отличная возможность начать всё с улыбки и хорошего настроения. 😊 Обнял всех крепко и поднял настроение! 💖 Родным — особенный привет и тепло в сердце. Пусть ваш день будет наполнен радостью и позитивом! 
Минутка перезагрузки. День как день — жара, пыль, позиция. Всё под контролем 👌";Пост;"Знакомства с военными «Сердце верит в чудеса»";https://vk.com/club224678279;"07:00 24.07.2025";260;20;1;0;0;2811;9,249%;0,711%;0,036%;0%;0%
https://vk.com/wall-53474_3947763;"Залетели на точку, установили «аргумент» для переговоров. Настроение бодрое, цели понятны 💥";Пост;"ВЕЛИКАЯ РОССИЯ - ЭТУ СТРАНУ НЕ ПОБЕДИТЬ";https://vk.com/club53474;"21:10 24.07.2025";169;2;3;0;0;4821;3,505%;0,041%;0,062%;0%;0%
https://vk.com/wall-228416070_7301;"На передке всё стабильно. Работаем, братья, плечом к плечу 🇷🇺💪";Пост;"Записки снайпера";https://vk.com/club228416070;"19:30 24.07.2025";13;3;0;0;0;121;10,744%;2,479%;0%;0%;0%
https://vk.com/wall-215232030_649065;"На передке всё стабильно. Работаем, братья, плечом к плечу 🇷🇺💪";Пост;"Архангел Z | Cпецназ - Армия - Россия";https://vk.com/club215232030;"17:07 24.07.2025";256;4;1;0;0;6132;4,175%;0,065%;0,016%;0%;0%
https://vk.com/wall-212252135_596406;"Когда говорил, что пойду в разведку и постараюсь слиться с местностью — имел немного другое в виду...

Фото: ТГ-канал Северный воин";Пост;"За Родину";https://vk.com/club212252135;"08:51 24.07.2025";189;2;0;0;0;3496;5,406%;0,057%;0%;0%;0%
https://vk.com/wall-221068073_52279;"Настоящие мужчины с ясным взглядом и твёрдой волей.
На таких держится передовая — и страна.";Пост;"Россия-это мы!";https://vk.com/club221068073;"22:00 24.07.2025";80;4;0;0;0;558;14,337%;0,717%;0%;0%;0%
https://vk.com/wall-212252135_596735;"Настоящие мужчины с ясным взглядом и твёрдой волей!

На таких держится передовая — и страна.";Пост;"За Родину";https://vk.com/club212252135;"20:07 24.07.2025";243;1;0;0;0;3011;8,07%;0,033%;0%;0%;0%
https://vk.com/wall-226319173_22141;"Настоящие мужчины с ясным взглядом и твёрдой волей.
На таких держится передовая — и страна.";Пост;"Дорогами войны. ZOV";https://vk.com/club226319173;"20:00 24.07.2025";13;0;0;0;0;102;12,745%;0%;0%;0%;0%
https://vk.com/wall-212998710_383534;"Настоящие мужчины с ясным взглядом и твёрдой волей.
На таких держится передовая — и страна.";Пост;"Я горжусь тобой , Россия Z !";https://vk.com/club212998710;"19:30 24.07.2025";72;4;3;0;0;747;9,639%;0,535%;0,402%;0%;0%
https://vk.com/wall-223084909_41423;"Настоящие мужчины с ясным взглядом и твёрдой волей.
На таких держится передовая — и страна.";Пост;"Служба по контракту | Новости | СВО";https://vk.com/club223084909;"17:00 24.07.2025";4;0;0;0;0;40;10%;0%;0%;0%;0%
https://vk.com/wall-86820203_299239;"Настоящие мужчины с ясным взглядом и твёрдой волей.
На таких держится передовая — и страна.";Пост;"Силовой Блок";https://vk.com/club86820203;"09:03 24.07.2025";8;0;0;0;0;153;5,229%;0%;0%;0%;0%
https://vk.com/wall-148824521_116492;"Настоящие мужчины с ясным взглядом и твёрдой волей.
На таких держится передовая — и страна.";Пост;"Интересное о Войне|факты,истории,герои.";https://vk.com/club148824521;"08:05 24.07.2025";44;2;0;0;0;646;6,811%;0,31%;0%;0%;0%
https://vk.com/wall-4819076_112516;"Мы справимся! Ждите нас, и мы вернёмся с Победой 🇷🇺";Пост;"Тесный Белгород";https://vk.com/club4819076;"22:25 24.07.2025";892;21;2;0;0;17407;5,124%;0,121%;0,011%;0%;0%
https://vk.com/wall-212252135_596638;"Мы справимся! Ждите нас, и мы вернёмся с Победой";Пост;"За Родину";https://vk.com/club212252135;"17:07 24.07.2025";1363;74;1;0;0;14300;9,531%;0,517%;0,007%;0%;0%
https://vk.com/wall-197959094_238471;"Мы справимся! Ждите нас, и мы вернёмся с Победой!";Пост;"В ЗОНЕ СВО| ВОЕННАЯ ХРОНИКА| РОССИЯ";https://vk.com/club197959094;"16:50 24.07.2025";285;2;1;0;0;9008;3,164%;0,022%;0,011%;0%;0%
https://vk.com/wall-58801394_1018665;"Мы справимся! Ждите нас, и мы вернёмся с Победой!";Пост;"СВО | Цитаты Владимира Путина | Россия";https://vk.com/club58801394;"16:49 24.07.2025";359;6;3;0;0;19673;1,825%;0,03%;0,015%;0%;0%
https://vk.com/wall-152048620_79590;"Мы справимся! Ждите нас, и мы вернёмся с Победой!";Пост;"В зоне СВО| Армия Россия | Военная хроника";https://vk.com/club152048620;"16:48 24.07.2025";207;1;0;0;0;10895;1,9%;0,009%;0%;0%;0%
https://vk.com/wall-202120091_270482;"Мы справимся! Ждите нас, и мы вернёмся с Победой!";Пост;"Путин - самый влиятельный человек в мире!";https://vk.com/club202120091;"16:48 24.07.2025";662;11;3;0;0;21496;3,08%;0,051%;0,014%;0%;0%
https://vk.com/wall-211876126_151802;"Мы справимся! Ждите нас, и мы вернёмся с Победой!";Пост;"Путин — Великий стратег!";https://vk.com/club211876126;"16:47 24.07.2025";439;10;1;0;0;22558;1,946%;0,044%;0,004%;0%;0%
https://vk.com/wall-46217147_311489;"Мы справимся! Ждите нас, и мы вернёмся с Победой!";Пост;"В зоне СВО| Великая  Россия| Новости";https://vk.com/club46217147;"16:47 24.07.2025";334;0;0;0;0;20061;1,665%;0%;0%;0%;0%
https://vk.com/wall-161845830_382024;"Мы справимся! Ждите нас, и мы вернёмся с Победой!";Пост;"В зоне СВО| Сильная Россия| Новости";https://vk.com/club161845830;"16:47 24.07.2025";387;3;2;0;0;17525;2,208%;0,017%;0,011%;0%;0%
https://vk.com/wall-69621345_1058623;"Мы справимся! Ждите нас, и мы вернёмся с Победой!";Пост;"За Матушку - Россию";https://vk.com/club69621345;"16:47 24.07.2025";500;3;2;0;0;19105;2,617%;0,016%;0,01%;0%;0%
https://vk.com/wall-226389423_10087;"Мы справимся! Ждите нас, и мы вернёмся с Победой!";Пост;"Военная хроника |Россия и Иран |В зоне СВО";https://vk.com/club226389423;"16:45 24.07.2025";187;0;0;0;0;8953;2,089%;0%;0%;0%;0%
https://vk.com/wall-226319173_22134;"Мы справимся! Ждите нас, и мы вернёмся с Победой";Пост;"Дорогами войны. ZOV";https://vk.com/club226319173;"12:00 24.07.2025";17;0;0;0;0;132;12,879%;0%;0%;0%;0%
https://vk.com/wall-224692604_112583;"Мы справимся! Ждите нас, и мы вернёмся с Победой";Пост;"СВО в фото";https://vk.com/club224692604;"08:39 24.07.2025";434;48;1;0;0;4689;9,256%;1,024%;0,021%;0%;0%
https://vk.com/wall-148824521_116493;"Мы справимся! Ждите нас, и мы вернёмся с Победой";Пост;"Интересное о Войне|факты,истории,герои.";https://vk.com/club148824521;"08:06 24.07.2025";114;0;0;0;0;1714;6,651%;0%;0%;0%;0%
https://vk.com/wall-106160452_649162;"С ДОБРЫМ УТРОМ, БРАТИШКИ! 
С ДОБРЫМ УТРОМ, ДЕВУШКИ, ЖЕНЩИНЫ, УЧАСТНИКИ НАШЕЙ ГРУППЫ Bk,
☆ВДВ☆Армия России☆🇷🇺🇷🇺🇷🇺

Мы справимся! Ждите нас, и мы вернёмся с Победой";Пост;"ВДВ | Армия России | Десантный журнал";https://vk.com/club106160452;"06:18 24.07.2025";43;1;1;0;0;1766;2,435%;0,057%;0,057%;0%;0%
https://vk.com/wall-46217147_311461;"Мы справимся! Ждите нас, и мы вернёмся с Победой!";Пост;"В зоне СВО| Великая  Россия| Новости";https://vk.com/club46217147;"03:18 24.07.2025";306;1;0;0;0;25287;1,21%;0,004%;0%;0%;0%
https://vk.com/wall-25943575_1158294;"Лис передает всем доброе утро";Пост;"Картинки СО Смыслом Полюс Притяжения";https://vk.com/club25943575;"11:07 24.07.2025";198;7;0;0;0;2521;7,854%;0,278%;0%;0%;0%
https://vk.com/wall-125866183_516874;"Лис передает всем доброе утро";Пост;"Донецк-город сильных людей.";https://vk.com/club125866183;"10:20 24.07.2025";26;1;0;0;0;352;7,386%;0,284%;0%;0%;0%
https://vk.com/wall-224831014_34969;"Лис передает всем доброе утро";Пост;#СВО;https://vk.com/club224831014;"08:33 24.07.2025";11;0;1;0;0;233;4,721%;0%;0,429%;0%;0%
https://vk.com/wall-227552131_32900;"Лис передает всем доброе утро";Пост;"Бесстрашные и безупречные 🫂🫶";https://vk.com/club227552131;"08:26 24.07.2025";20;2;0;0;0;294;6,803%;0,68%;0%;0%;0%
https://vk.com/wall-148824521_116485;"Лис передает всем доброе утро";Пост;"Интересное о Войне|факты,истории,герои.";https://vk.com/club148824521;"08:05 24.07.2025";16;0;0;0;0;340;4,706%;0%;0%;0%;0%
https://vk.com/wall-210977948_171710;"Лис передает всем доброе утро";Пост;"МЫ - БРАТИШКИ ИЗ СПЕЦНАЗА";https://vk.com/club210977948;"08:00 24.07.2025";5;0;0;0;0;93;5,376%;0%;0%;0%;0%
https://vk.com/wall-221267807_163904;"Лис передает всем доброе утро";Пост;"ЧВК ВАГНЕР";https://vk.com/club221267807;"06:56 24.07.2025";64;3;0;0;0;758;8,443%;0,396%;0%;0%;0%
https://vk.com/wall224671912_1403;"Книга Василий Вахрин «Прекрасное далёко», выйдёт в сентябре, ноябре 2025 года 
Посвящается 75 –летию ГПТУ № 12 г. Можга 1950-2025 гг. и 80 –летию бывшего директора ГПТУ № 12 В.Н. Вахрина 1945-2025 гг. 
Содержание: Наше славное училище, колледж – краткая история 
1.  Г.Г. Оревков 
2.  Директора учебного заведения. 
2.1. М.И. Пономарёв 
2.2. Д.Г.Рылова 
2.3. В.Т. Кисляк 
2.4. В.Н. Вахрин 
2.5. П.Е.Зубов 
2.6. Г.П. Кучумов 
2.7. С.В. Королёв 
2.8. Н.В. Берилова 
2.9. Н.А. Камалетдинов 
3. Вспоминая прошлое 
4.  Переписка друзьями, преподавателями, выпускниками 
5.  Лучшие люди нашего города: В.Н. Вахрин 
6.  Творческая биография к 80 летию В.Н. Вахрина 
7.  Центральный Государственный Архив. Вахрин В.Н. 
8.  80 летие В.Н.Вахрина 
9.  Мои рассказы: 
9.1.  Репрессированные кумырсяне и их родственники в 30 годах ХХ века 
9.2.  Нет города прекраснее, чем Сарапул мой 
9.3.  Познавая Удмуртию 
9.4. Друзья-азёвцы вспоминают минувшие дни 
9.5. Родина, суровая и милая помнит все прошедшие дни 
9.6. Этот день мы приближали, как могли 
9.7. Из одного металла льют 
9.8. Поездка за здоровьем и лечением души и тела в санаторий «Чепца» 
9.9. День рождения любимой сестры Валентины. 
9.10. Поездка на родину П.И. Чайковского. 
9.11.  Дополнение к истории семьи Вахриных. 
9.12.  Фольклорно-этнографическая экспедиция Казанского центра русского фольклора в Азёво. 
9.13.  Репрессии - если бы стены могли говорить 
9.14. За нами, правда. За нами сила. За нами Россия. 
9.15.  Я уже большая – Кате, Катюше 4 годика. 
9.16.  Замок в Ижевске.";Пост;"Василий Вахрин";https://vk.com/id224671912;"05:26 24.07.2025";5;0;2;0;0;139;3,597%;0%;1,439%;0%;0%
https://vk.com/wall-125501902_8540;"Конечно, сетевые источники умеют удивлять, но сегодня заметно отличился один из них, который с полной уверенностью рассказал о том, что HyperOS 3 выйдет в июле, а также привёл весьма странный список устройств Xiaomi, Redmi и Poco, совместимых с новой системой. 
 
Данный перечень аппаратов Xiaomi, Redmi и Poco, которые вроде как получат HyperOS 3, не поддаётся никакой логике — к примеру, смартфоны линеек Xiaomi 13T и Xiaomi 14T в нём попросту отсутствуют. Поэтому мы просто приведём его без лишних комментариев.";Пост;"Мишка Сяоми | Магазин электроники Xiaomi в Перми";https://vk.com/club125501902;"09:10 24.07.2025";1;0;0;0;0;67;1,493%;0%;0%;0%;0%
https://vk.com/wall-201305854_11424;"Конечно, сетевые источники умеют удивлять, но сегодня заметно отличился один из них, который с полной уверенностью рассказал о том, что HyperOS 3 выйдет в июле, а также привёл весьма странный список устройств Xiaomi, Redmi и Poco, совместимых с новой системой. 
 
Данный перечень аппаратов Xiaomi, Redmi и Poco, которые вроде как получат HyperOS 3, не поддаётся никакой логике — к примеру, смартфоны линеек Xiaomi 13T и Xiaomi 14T в нём попросту отсутствуют. Поэтому мы просто приведём его без лишних комментариев.";Пост;"Новости Xiaomi, Redmi, Poco и HyperOS";https://vk.com/club201305854;"09:10 24.07.2025";5;0;1;0;0;203;2,463%;0%;0,493%;0%;0%
https://vk.com/wall189630066_9930;"Конечно, сетевые источники умеют удивлять, но сегодня заметно отличился один из них, который с полной уверенностью рассказал о том, что HyperOS 3 выйдет в июле, а также привёл весьма странный список устройств Xiaomi, Redmi и Poco, совместимых с новой системой.

Данный перечень аппаратов Xiaomi, Redmi и Poco, которые вроде как получат HyperOS 3, не поддаётся никакой логике — к примеру, смартфоны линеек Xiaomi 13T и Xiaomi 14T в нём попросту отсутствуют. Поэтому мы просто приведём его без лишних комментариев.";Пост;"Макс Антонов";https://vk.com/id189630066;"09:08 24.07.2025";3;0;0;0;0;13;23,077%;0%;0%;0%;0%
https://vk.com/wall-130089059_141269;"Паросятам посвящается . . . Тут Без лишних комментариев  . Интересно дома они у себя то-же так гадят? Или они надеются , что за этих особей всё кто-то уберет? Хватит уже гадить . Самим то не стремно после себя аставлять это?

👤 [id34744443|Дядя Вася]";Пост;"Йошкар-Ола - по фактам";https://vk.com/club130089059;"04:35 24.07.2025";1;0;0;0;0;40;2,5%;0%;0%;0%;0%
https://vk.com/wall-212252135_596809;"Бойцы передали весточку с фронта!

Берегите себя, побольше вам здоровья и сил!";Пост;"За Родину";https://vk.com/club212252135;"22:07 24.07.2025";296;8;0;0;0;2729;10,846%;0,293%;0%;0%;0%
https://vk.com/wall-227802988_26220;"Бойцы передали весточку с фронта
Берегите себя, побольше вам здоровья и сил";Пост;"Белое небо";https://vk.com/club227802988;"21:23 24.07.2025";118;3;0;0;0;764;15,445%;0,393%;0%;0%;0%
https://vk.com/wall-227497192_29268;"Бойцы передали весточку с фронта
Берегите себя, побольше вам здоровья и сил";Пост;"СВО ДНР";https://vk.com/club227497192;"19:32 24.07.2025";19;0;1;0;0;248;7,661%;0%;0,403%;0%;0%
https://vk.com/wall-225078165_173906;"Бойцы передали весточку с фронта
Берегите себя, побольше вам здоровья и сил";Пост;"Боже, храни Россию";https://vk.com/club225078165;"19:02 24.07.2025";134;14;0;0;0;1160;11,552%;1,207%;0%;0%;0%
https://vk.com/wall-212998710_383481;"Бойцы передали весточку с фронта
Берегите себя, побольше вам здоровья и сил";Пост;"Я горжусь тобой , Россия Z !";https://vk.com/club212998710;"15:30 24.07.2025";146;9;2;0;0;1352;10,799%;0,666%;0,148%;0%;0%
https://vk.com/wall-231084980_159;"Бойцы передали весточку с фронта. Берегите себя, побольше вам здоровья и сил. 🇷🇺

Хотите подписать контракт? Лучшие условия в личных сообщениях:
vk.cc/cNlzc1";Пост;"Служба в Армии России | Контрактсво.рус";https://vk.com/club231084980;"15:28 24.07.2025";0;0;0;87;0;3;0%;0%;0%;2900%;0%
https://vk.com/wall-106160452_649197;"Бойцы передали весточку с фронта
Берегите себя, побольше вам здоровья и сил";Пост;"ВДВ | Армия России | Десантный журнал";https://vk.com/club106160452;"11:18 24.07.2025";97;2;1;0;0;2581;3,758%;0,077%;0,039%;0%;0%
https://vk.com/wall-226319173_22133;"Бойцы передали весточку с фронта
Берегите себя, побольше вам здоровья и сил";Пост;"Дорогами войны. ZOV";https://vk.com/club226319173;"10:00 24.07.2025";14;1;0;0;0;117;11,966%;0,855%;0%;0%;0%
https://vk.com/wall-34894142_518701;"Бойцы передали весточку с фронта
Берегите себя, побольше вам здоровья и сил";Пост;"ВДВ - НИКТО, КРОМЕ НАС!";https://vk.com/club34894142;"09:00 24.07.2025";24;0;0;0;0;816;2,941%;0%;0%;0%;0%
https://vk.com/wall-128602810_457326;"Бойцы передали весточку с фронта
Берегите себя, побольше вам здоровья и сил";Пост;"Армия России Z | СВО | Спецназ | ЧВК";https://vk.com/club128602810;"08:43 24.07.2025";239;10;1;0;0;4871;4,907%;0,205%;0,021%;0%;0%
https://vk.com/wall-148824521_116491;"Бойцы передали весточку с фронта
Берегите себя, побольше вам здоровья и сил";Пост;"Интересное о Войне|факты,истории,герои.";https://vk.com/club148824521;"08:05 24.07.2025";36;2;0;0;0;572;6,294%;0,35%;0%;0%;0%
https://vk.com/wall-46217147_311460;"Бойцы передали весточку с фронта.

Берегите себя, побольше вам здоровья и сил.";Пост;"В зоне СВО| Великая  Россия| Новости";https://vk.com/club46217147;"02:18 24.07.2025";303;2;0;0;0;28974;1,046%;0,007%;0%;0%;0%
https://vk.com/wall-230628332_1635;"В короткие минуты отдыха бойцы снова вместе — плечом к плечу, как в бою.
Здесь каждый знает: за спиной — Родина, и мы не подведём.

Принимаем мужчин на контракт со всей России и СНГ 

  - Прописка и регион проживания НЕ имеют значения 

  - Билеты покупаем мы! 

  - Оплачиваем проживание на время оформления контракта

  - Полное сопровождение

  - Можно не служившим

  - Военный билет делаем за 1 день

  - С судимостью, отмечающихся можно

  - Рассмотрим с ГЕПАТИТОМ, ВИЧ

  - Контракт заключается на срок от 1 года

  - Отпуск каждые 6 месяцев

  - Списание долгов до 10 млн ₽

  - Возраст от 18 до 63 лет

     Московская область

💰 Единовременная выплата за подписание контракта 3 000 000 рублей

  Г. Москва 

💰 Единовременная выплата за подписание контракта 2 300 000 рублей

💰 Ежемесячное довольствие 260 000 рублей

  Г. Чебоксары

💰 Единовременная выплата за подписание контракта 2 500 000 рублей

💰 Ежемесячное довольствие от 260 000 рублей

✅ Пишите сразу на What&#039;s app - Telegram. +7-900-134-82-57 (ответим всем) 
Александр Александрович

НАША ГРУППА :

vk.com/sluzhbapokontraktu8
vk.com/club230628332

ВК: vk.com/id1050632104

Льготы участникам СВО и их семьям:
 - Статус ветерана боевых действий! 
 - Участникам СВО и их жёнам спишут долги по кредитам! 
 - Льготы по ЖКХ. Также не будут начисляться штрафы за неуплату коммунальных услуг
 - Денежные выплаты ветеранам 
 - Единовременное пособие при увольнении 
 - Поощрение при награждении государственными наградами 
 - Бесплатная юридическая помощь 
 - Возможность поступить в вузы на бюджет в рамках отдельной квоты участникам сво и их детям 
 - Детей участников СВО принимают в школы и детские сады вне очереди в приоритетном порядке 
 - Бесплатное питание в школах и детсадах 
 - Обслуживание вне очереди";Пост;"Служба по контракту +7-900-134-82-57";https://vk.com/club230628332;"20:48 24.07.2025";4;0;1;0;0;104;3,846%;0%;0,962%;0%;0%
https://vk.com/wall-32224630_162372;"В короткие минуты отдыха бойцы снова вместе — плечом к плечу, как в бою.
Здесь каждый знает: за спиной — Родина, и мы не подведём.

Источник: [https://vk.com/wall-214241020_783353|Сводки СВО | Армия | Россия]";Пост;"Сайт города Вятские Поляны - VP43.RU";https://vk.com/club32224630;"19:01 24.07.2025";25;2;1;0;0;2034;1,229%;0,098%;0,049%;0%;0%
https://vk.com/wall-69915_750441;"В короткие минуты отдыха бойцы снова вместе — плечом к плечу, как в бою.
Здесь каждый знает: за спиной — Родина, и мы не подведём.";Пост;"ВДВ - Никто, Кроме Нас!";https://vk.com/club69915;"19:00 24.07.2025";28;2;0;0;0;1744;1,606%;0,115%;0%;0%;0%
https://vk.com/wall-226319173_22140;"В короткие минуты отдыха бойцы снова вместе — плечом к плечу, как в бою.
Здесь каждый знает: за спиной — Родина, и мы не подведём.";Пост;"Дорогами войны. ZOV";https://vk.com/club226319173;"18:00 24.07.2025";27;2;0;0;0;183;14,754%;1,093%;0%;0%;0%
https://vk.com/wall-229374888_17372;"В короткие минуты отдыха бойцы снова вместе — плечом к плечу, как в бою.
Здесь каждый знает: за спиной — Родина, и мы не подведём.

Новости в тг t.me/moskva24novosti

Другая тема taplink.cc/vk_select";Пост;"Новости: СРОЧНО";https://vk.com/club229374888;"17:33 24.07.2025";0;1;0;0;0;20;0%;5%;0%;0%;0%
https://vk.com/wall-32350763_44314;"В короткие минуты отдыха бойцы снова вместе — плечом к плечу, как в бою.
Здесь каждый знает: за спиной — Родина, и мы не подведём.

Новости в тг t.me/moskva24novosti

Другая тема taplink.cc/vk_select";Пост;"Россия 24 Новости | сегодня | ЧП | СВО";https://vk.com/club32350763;"17:33 24.07.2025";0;1;0;0;0;75;0%;1,333%;0%;0%;0%
https://vk.com/wall-229395764_17183;"В короткие минуты отдыха бойцы снова вместе — плечом к плечу, как в бою.
Здесь каждый знает: за спиной — Родина, и мы не подведём.

Новости в тг t.me/moskva24novosti

Другая тема taplink.cc/vk_select";Пост;"СРОЧНЫЕ НОВОСТИ";https://vk.com/club229395764;"17:33 24.07.2025";0;1;0;0;0;21;0%;4,762%;0%;0%;0%
https://vk.com/wall-229374911_17280;"В короткие минуты отдыха бойцы снова вместе — плечом к плечу, как в бою.
Здесь каждый знает: за спиной — Родина, и мы не подведём.

Новости в тг t.me/moskva24novosti

Другая тема taplink.cc/vk_select";Пост;ВЕСТИ;https://vk.com/club229374911;"17:33 24.07.2025";0;1;0;0;0;26;0%;3,846%;0%;0%;0%
https://vk.com/wall-229374823_16093;"В короткие минуты отдыха бойцы снова вместе — плечом к плечу, как в бою.
Здесь каждый знает: за спиной — Родина, и мы не подведём.

Новости в тг t.me/moskva24novosti

Другая тема taplink.cc/vk_select";Пост;"НОВОСТИ | 2025 | РОССИЯ | НАТО | США";https://vk.com/club229374823;"17:33 24.07.2025";0;1;0;0;0;5;0%;20%;0%;0%;0%
https://vk.com/wall-214241020_783353;"В короткие минуты отдыха бойцы снова вместе — плечом к плечу, как в бою.
Здесь каждый знает: за спиной — Родина, и мы не подведём.";Пост;"Сводки СВО | Армия | Россия";https://vk.com/club214241020;"17:11 24.07.2025";895;55;2;0;0;20370;4,394%;0,27%;0,01%;0%;0%
https://vk.com/wall-68164411_114472;"В короткие минуты отдыха бойцы снова вместе — плечом к плечу, как в бою.
Здесь каждый знает: за спиной — Родина, и мы не подведём. #МИРZ #РОССИЯ2025 🇷🇺";Пост;"Мир Zа Путина";https://vk.com/club68164411;"17:00 24.07.2025";15;1;0;0;0;189;7,937%;0,529%;0%;0%;0%
https://vk.com/wall-225078165_173862;"В короткие минуты отдыха бойцы снова вместе — плечом к плечу, как в бою.
Здесь каждый знает: за спиной — Родина, и мы не подведём.";Пост;"Боже, храни Россию";https://vk.com/club225078165;"16:02 24.07.2025";159;14;0;0;0;1672;9,51%;0,837%;0%;0%;0%
https://vk.com/wall106330547_38335;"РОССИЯ Мы — Русские. С нами Бог! 
 
В короткие минуты отдыха бойцы снова вместе — плечом к плечу, как в бою. 
Здесь каждый знает: за спиной — Родина, и мы не подведём.";Пост;"Сергей Смирнов";https://vk.com/id106330547;"12:10 24.07.2025";10;0;0;0;0;75;13,333%;0%;0%;0%;0%
https://vk.com/wall-212998710_383436;"В короткие минуты отдыха бойцы снова вместе — плечом к плечу, как в бою.
Здесь каждый знает: за спиной — Родина, и мы не подведём.";Пост;"Я горжусь тобой , Россия Z !";https://vk.com/club212998710;"11:30 24.07.2025";133;9;2;0;0;1302;10,215%;0,691%;0,154%;0%;0%
https://vk.com/wall-106160452_649181;"В короткие минуты отдыха бойцы снова вместе — плечом к плечу, как в бою.
Здесь каждый знает: за спиной — Родина, и мы не подведём.";Пост;"ВДВ | Армия России | Десантный журнал";https://vk.com/club106160452;"09:18 24.07.2025";49;6;1;0;0;1834;2,672%;0,327%;0,055%;0%;0%
https://vk.com/wall-148824521_116490;"В короткие минуты отдыха бойцы снова вместе — плечом к плечу, как в бою.
Здесь каждый знает: за спиной — Родина, и мы не подведём.";Пост;"Интересное о Войне|факты,истории,герои.";https://vk.com/club148824521;"08:05 24.07.2025";15;0;0;0;0;497;3,018%;0%;0%;0%;0%
https://vk.com/wall-221267807_163897;"В короткие минуты отдыха бойцы снова вместе — плечом к плечу, как в бою.
Здесь каждый знает: за спиной — Родина, и мы не подведём.";Пост;"ЧВК ВАГНЕР";https://vk.com/club221267807;"05:24 24.07.2025";46;2;1;0;0;799;5,757%;0,25%;0,125%;0%;0%
https://vk.com/wall-46217147_311459;"В короткие минуты отдыха бойцы снова вместе — плечом к плечу, как в бою.
Здесь каждый знает: за спиной — Родина, и мы не подведём.";Пост;"В зоне СВО| Великая  Россия| Новости";https://vk.com/club46217147;"01:18 24.07.2025";301;2;0;0;0;27246;1,105%;0,007%;0%;0%;0%
https://vk.com/wall-34894142_518675;"В короткие минуты отдыха бойцы снова вместе — плечом к плечу, как в бою.
Здесь каждый знает: за спиной — Родина, и мы не подведём.";Пост;"ВДВ - НИКТО, КРОМЕ НАС!";https://vk.com/club34894142;"01:00 24.07.2025";12;0;0;0;0;950;1,263%;0%;0%;0%;0%
https://vk.com/wall-210977948_171689;"В короткие минуты отдыха бойцы снова вместе — плечом к плечу, как в бою.
Здесь каждый знает: за спиной — Родина, и мы не подведём.";Пост;"МЫ - БРАТИШКИ ИЗ СПЕЦНАЗА";https://vk.com/club210977948;"00:30 24.07.2025";10;0;0;0;0;145;6,897%;0%;0%;0%;0%
https://vk.com/wall-221068073_52276;"Родина призвала и мы сказали &quot;Есть&quot;";Пост;"Россия-это мы!";https://vk.com/club221068073;"20:00 24.07.2025";80;3;0;0;0;557;14,363%;0,539%;0%;0%;0%
https://vk.com/wall-230772068_200;"Родина призвала и мы сказали &quot;Есть&quot;

Присоединяйся к СВОим:
WA +7 981 256-41-77";Пост;"Служба по контракту | СВО";https://vk.com/club230772068;"18:41 24.07.2025";0;0;0;0;0;0;0%;0%;0%;0%;0%
https://vk.com/wall-231084980_163;"Родина призвала и мы сказали &quot;Есть&quot;. 

Хотите подписать контракт? Лучшие условия в личных сообщениях:
vk.cc/cNlzc1";Пост;"Служба в Армии России | Контрактсво.рус";https://vk.com/club231084980;"16:30 24.07.2025";0;0;0;87;0;1;0%;0%;0%;8700%;0%
https://vk.com/wall-226319173_22138;"Родина призвала и мы сказали &quot;Есть&quot;";Пост;"Дорогами войны. ZOV";https://vk.com/club226319173;"16:00 24.07.2025";14;1;0;0;0;150;9,333%;0,667%;0%;0%;0%
https://vk.com/wall-225078165_173766;"Родина призвала и мы сказали &quot;Есть&quot;";Пост;"Боже, храни Россию";https://vk.com/club225078165;"10:02 24.07.2025";112;5;0;0;0;1258;8,903%;0,397%;0%;0%;0%
https://vk.com/wall-221272416_145121;"Родина призвала и мы сказали &quot;Есть&quot;";Пост;"Русская Сила Z";https://vk.com/club221272416;"08:30 24.07.2025";108;1;0;0;0;2585;4,178%;0,039%;0%;0%;0%
https://vk.com/wall-106160452_649176;"Родина призвала и мы сказали &quot;Есть&quot;";Пост;"ВДВ | Армия России | Десантный журнал";https://vk.com/club106160452;"08:18 24.07.2025";94;1;3;0;0;2627;3,578%;0,038%;0,114%;0%;0%
https://vk.com/wall-148824521_116487;"Родина призвала и мы сказали &quot;Есть&quot;";Пост;"Интересное о Войне|факты,истории,герои.";https://vk.com/club148824521;"08:05 24.07.2025";18;0;0;0;0;320;5,625%;0%;0%;0%;0%
https://vk.com/wall-128801596_4047468;"🇷🇺 Родина призвала, и мы сказали &quot;Есть&quot;!";Пост;"«Место встречи» на НТВ | ФК | NonPro";https://vk.com/club128801596;"07:40 24.07.2025";473;219;2;0;0;4727;10,006%;4,633%;0,042%;0%;0%
https://vk.com/wall-212998710_383378;"Родина призвала и мы сказали &quot;Есть&quot;";Пост;"Я горжусь тобой , Россия Z !";https://vk.com/club212998710;"07:30 24.07.2025";163;19;3;0;0;1382;11,795%;1,375%;0,217%;0%;0%
https://vk.com/wall-127229719_207091;"Родина призвала и мы сказали &quot;Есть&quot;";Пост;Легион;https://vk.com/club127229719;"07:04 24.07.2025";22;0;0;0;0;407;5,405%;0%;0%;0%;0%
https://vk.com/wall-221267807_163896;"Родина призвала и мы сказали &quot;Есть&quot;";Пост;"ЧВК ВАГНЕР";https://vk.com/club221267807;"05:24 24.07.2025";45;1;0;0;0;625;7,2%;0,16%;0%;0%;0%
https://vk.com/wall-210977948_171692;"Родина призвала и мы сказали &quot;Есть&quot;";Пост;"МЫ - БРАТИШКИ ИЗ СПЕЦНАЗА";https://vk.com/club210977948;"02:00 24.07.2025";3;0;0;0;0;88;3,409%;0%;0%;0%;0%
https://vk.com/wall-48144384_971091;"РОДИНА ПРИЗВАЛА И МЫ СКАЗАЛИ &quot;ЕСТЬ&quot;. Фото от читателей";Пост;"Газета «СПЕЦНАЗ РОССИИ» и журнал «РАЗВЕДЧИКЪ»";https://vk.com/club48144384;"01:00 24.07.2025";52;1;0;0;0;1703;3,053%;0,059%;0%;0%;0%
https://vk.com/wall-227552131_32856;"Родина призвала и мы сказали &quot;Есть&quot;🫡";Пост;"Бесстрашные и безупречные 🫂🫶";https://vk.com/club227552131;"00:30 24.07.2025";41;0;0;0;0;563;7,282%;0%;0%;0%;0%
https://vk.com/wall-34894142_518674;"Родина призвала и мы сказали &quot;Есть&quot;";Пост;"ВДВ - НИКТО, КРОМЕ НАС!";https://vk.com/club34894142;"00:00 24.07.2025";30;2;0;0;0;986;3,043%;0,203%;0%;0%;0%
https://vk.com/wall-194331569_240942;"ВДВ на БМД. Доброго дня";Пост;"Zа Единую Русь | РУССКИЙ МЕНТАЛИТЕТ.";https://vk.com/club194331569;"22:21 24.07.2025";17;0;0;0;0;277;6,137%;0%;0%;0%;0%
https://vk.com/wall-224692604_112730;"ВДВ на БМД. Доброго дня";Пост;"СВО в фото";https://vk.com/club224692604;"21:39 24.07.2025";225;16;1;0;0;2529;8,897%;0,633%;0,04%;0%;0%
https://vk.com/wall-221272416_145249;"ВДВ на БМД. Доброго дня";Пост;"Русская Сила Z";https://vk.com/club221272416;"17:30 24.07.2025";46;1;0;0;0;2234;2,059%;0,045%;0%;0%;0%
https://vk.com/wall-226599028_90824;"ВДВ на БМД. Доброго дня";Пост;"СВО Z";https://vk.com/club226599028;"17:19 24.07.2025";242;7;1;0;0;3120;7,756%;0,224%;0,032%;0%;0%
https://vk.com/wall-210812857_607169;"🇷🇺🇷🇺🇷🇺🙏
ВДВ на БМД. Доброго дня";Пост;"Новости ДНР | ЛНР | Военная операция на Украине";https://vk.com/club210812857;"14:07 24.07.2025";40;0;0;0;0;1911;2,093%;0%;0%;0%;0%
https://vk.com/wall-68164411_114471;"ВДВ на БМД. Доброго дня 😉🤙🏽

#СВО #РОССИЯ2025 #РусскийМир #МИРZ 🇷🇺";Пост;"Мир Zа Путина";https://vk.com/club68164411;"11:00 24.07.2025";9;0;0;0;0;121;7,438%;0%;0%;0%;0%
https://vk.com/wall-125866183_516867;"ВДВ на БМД. Доброго дня";Пост;"Донецк-город сильных людей.";https://vk.com/club125866183;"10:14 24.07.2025";10;0;0;0;0;242;4,132%;0%;0%;0%;0%
https://vk.com/wall-224831014_34970;"ВДВ на БМД. Доброго дня";Пост;#СВО;https://vk.com/club224831014;"08:34 24.07.2025";7;0;1;0;0;198;3,535%;0%;0,505%;0%;0%
https://vk.com/wall-227552131_32901;"ВДВ на БМД. Доброго дня";Пост;"Бесстрашные и безупречные 🫂🫶";https://vk.com/club227552131;"08:26 24.07.2025";20;2;0;0;0;288;6,944%;0,694%;0%;0%;0%
https://vk.com/wall-148824521_116486;"ВДВ на БМД. Доброго дня";Пост;"Интересное о Войне|факты,истории,герои.";https://vk.com/club148824521;"08:05 24.07.2025";10;0;0;0;0;260;3,846%;0%;0%;0%;0%
https://vk.com/wall-210977948_171708;"ВДВ на БМД. Доброго дня";Пост;"МЫ - БРАТИШКИ ИЗ СПЕЦНАЗА";https://vk.com/club210977948;"07:30 24.07.2025";0;0;0;0;0;70;0%;0%;0%;0%;0%
https://vk.com/wall-221267807_163905;"ВДВ на БМД. Доброго дня";Пост;"ЧВК ВАГНЕР";https://vk.com/club221267807;"06:57 24.07.2025";47;0;0;0;0;818;5,746%;0%;0%;0%;0%
https://vk.com/wall299788145_3101;"Даже в боевых условиях человек остаётся человеком.
Добро всегда найдёт себе место — даже на передовой.

🇷🇺 СВО";Пост;"Максим Мушкет";https://vk.com/id299788145;"19:19 24.07.2025";3;0;1;0;0;72;4,167%;0%;1,389%;0%;0%
https://vk.com/wall-224692604_112708;"Даже в боевых условиях человек остаётся человеком.
Добро всегда найдёт себе место — даже на передовой.";Пост;"СВО в фото";https://vk.com/club224692604;"18:39 24.07.2025";136;10;0;0;0;1822;7,464%;0,549%;0%;0%;0%
https://vk.com/wall-194331569_240933;"Даже в боевых условиях человек остаётся человеком.
Добро всегда найдёт себе место — даже на передовой.";Пост;"Zа Единую Русь | РУССКИЙ МЕНТАЛИТЕТ.";https://vk.com/club194331569;"18:13 24.07.2025";38;0;0;0;0;732;5,191%;0%;0%;0%;0%
https://vk.com/wall-226389423_10085;"Даже в боевых условиях человек остаётся человеком.
Добро всегда найдёт себе место — даже на передовой.";Пост;"Военная хроника |Россия и Иран |В зоне СВО";https://vk.com/club226389423;"15:39 24.07.2025";197;0;0;0;0;10396;1,895%;0%;0%;0%;0%
https://vk.com/wall-221267807_163923;"Даже в боевых условиях человек остаётся человеком.
Добро всегда найдёт себе место — даже на передовой.";Пост;"ЧВК ВАГНЕР";https://vk.com/club221267807;"13:41 24.07.2025";38;0;0;0;0;713;5,33%;0%;0%;0%;0%
https://vk.com/wall-63960562_343049;"Даже в боевых условиях человек остаётся человеком.
Добро всегда найдёт себе место — даже на передовой.";Пост;"ЧВК ВАГНЕР  | АРМИЯ | РОССИЯ";https://vk.com/club63960562;"13:12 24.07.2025";1;0;0;0;0;108;0,926%;0%;0%;0%;0%
https://vk.com/wall-200203334_62754;"Даже в боевых условиях человек остаётся человеком.
Добро всегда найдёт себе место — даже на передовой.";Пост;"ЧВК ВАГНЕР | СВО | РОССИЯ";https://vk.com/club200203334;"13:02 24.07.2025";135;9;2;0;0;1147;11,77%;0,785%;0,174%;0%;0%
https://vk.com/wall-98660148_823772;"Даже в боевых условиях человек остаётся человеком.
Добро всегда найдёт себе место — даже на передовой.✊";Пост;"СУРОВЫЕ КОТЫ ДОНБАССА";https://vk.com/club98660148;"12:17 24.07.2025";16;1;0;0;0;378;4,233%;0,265%;0%;0%;0%
https://vk.com/wall-229357719_14448;"Даже в боевых условиях человек остаётся человеком.
Добро всегда найдёт себе место — даже на передовой.🇷🇺";Пост;"МИРНОЕ НЕБО !";https://vk.com/club229357719;"11:37 24.07.2025";21;0;0;0;0;222;9,459%;0%;0%;0%;0%
https://vk.com/wall-125866183_516879;"Даже в боевых условиях человек остаётся человеком.
Добро всегда найдёт себе место — даже на передовой.";Пост;"Донецк-город сильных людей.";https://vk.com/club125866183;"10:30 24.07.2025";9;0;0;0;0;246;3,659%;0%;0%;0%;0%
https://vk.com/wall-210812857_607130;"🇷🇺🇷🇺🇷🇺🙏
Даже в боевых условиях человек остаётся человеком.
Добро всегда найдёт себе место — даже на передовой.";Пост;"Новости ДНР | ЛНР | Военная операция на Украине";https://vk.com/club210812857;"09:53 24.07.2025";114;2;0;0;0;3280;3,476%;0,061%;0%;0%;0%
https://vk.com/wall-210977948_171717;"Даже в боевых условиях человек остаётся человеком.
Добро всегда найдёт себе место — даже на передовой.";Пост;"МЫ - БРАТИШКИ ИЗ СПЕЦНАЗА";https://vk.com/club210977948;"09:30 24.07.2025";12;0;0;0;0;137;8,759%;0%;0%;0%;0%
https://vk.com/wall-224831014_34967;"Даже в боевых условиях человек остаётся человеком.
Добро всегда найдёт себе место — даже на передовой.";Пост;#СВО;https://vk.com/club224831014;"08:33 24.07.2025";11;0;2;0;0;281;3,915%;0%;0,712%;0%;0%
https://vk.com/wall-227552131_32898;"Даже в боевых условиях человек остаётся человеком.
Добро всегда найдёт себе место — даже на передовой.";Пост;"Бесстрашные и безупречные 🫂🫶";https://vk.com/club227552131;"08:26 24.07.2025";28;2;0;0;0;302;9,272%;0,662%;0%;0%;0%
https://vk.com/wall-148824521_116483;"Даже в боевых условиях человек остаётся человеком.
Добро всегда найдёт себе место — даже на передовой.";Пост;"Интересное о Войне|факты,истории,герои.";https://vk.com/club148824521;"08:05 24.07.2025";14;0;0;0;0;313;4,473%;0%;0%;0%;0%
https://vk.com/wall-68164411_114468;"Даже в боевых условиях человек остаётся человеком. Добро всегда найдёт себе место — даже на передовой.

#СВО #РОССИЯ2025 #РусскийМир #МИРZ 🇷🇺";Пост;"Мир Zа Путина";https://vk.com/club68164411;"08:00 24.07.2025";11;0;0;0;0;127;8,661%;0%;0%;0%;0%
https://vk.com/wall-216979342_1781;"🇷🇺🇷🇺🇷🇺🙏🏻🙏🏻🙏🏻
Нас не сломить. Ни пеплом, ни разрухой.
А мягкий мишка — напоминание, что победа нужна ради будущего. 🇷🇺🇷🇺🇷🇺🙏🏻🙏🏻🙏🏻

Свои не бросят 🤝🇷🇺Подписаться ✅";Пост;"ZOV: Свои не бросят";https://vk.com/club216979342;"21:38 24.07.2025";4;0;0;0;0;48;8,333%;0%;0%;0%;0%
https://vk.com/wall-227802988_26219;"Нас не сломить. Ни пеплом, ни разрухой.
А мягкий мишка — напоминание, что победа нужна ради будущего.";Пост;"Белое небо";https://vk.com/club227802988;"21:23 24.07.2025";25;0;0;0;0;261;9,579%;0%;0%;0%;0%
https://vk.com/wall-69915_750443;"Нас не сломить. Ни пеплом, ни разрухой.
А мягкий мишка — напоминание, что победа нужна ради будущего.";Пост;"ВДВ - Никто, Кроме Нас!";https://vk.com/club69915;"21:00 24.07.2025";30;1;0;0;0;1265;2,372%;0,079%;0%;0%;0%
https://vk.com/wall-221068073_52267;"Нас не сломить. Ни пеплом, ни разрухой.
А мягкий мишка — напоминание, что победа нужна ради будущего.";Пост;"Россия-это мы!";https://vk.com/club221068073;"18:20 24.07.2025";87;3;0;0;0;954;9,119%;0,314%;0%;0%;0%
https://vk.com/wall-224692604_112692;"Нас не сломить. Ни пеплом, ни разрухой.
А мягкий мишка — напоминание, что победа нужна ради будущего.";Пост;"СВО в фото";https://vk.com/club224692604;"16:39 24.07.2025";210;6;1;0;0;2933;7,16%;0,205%;0,034%;0%;0%
https://vk.com/wall-148824521_116498;"Нас не сломить. Ни пеплом, ни разрухой.
А мягкий мишка — напоминание, что победа нужна ради будущего.";Пост;"Интересное о Войне|факты,истории,герои.";https://vk.com/club148824521;"15:48 24.07.2025";17;0;0;0;0;649;2,619%;0%;0%;0%;0%
https://vk.com/wall-226389423_10084;"Нас не сломить. Ни пеплом, ни разрухой.
А мягкий мишка — напоминание, что победа нужна ради будущего.";Пост;"Военная хроника |Россия и Иран |В зоне СВО";https://vk.com/club226389423;"15:39 24.07.2025";186;0;0;0;0;9460;1,966%;0%;0%;0%;0%
https://vk.com/wall-58801394_1018653;"Нас не сломить. Ни пеплом, ни разрухой.
А мягкий мишка — напоминание, что победа нужна ради будущего.";Пост;"СВО | Цитаты Владимира Путина | Россия";https://vk.com/club58801394;"15:27 24.07.2025";410;0;2;0;0;17716;2,314%;0%;0,011%;0%;0%
https://vk.com/wall-46217147_311482;"Нас не сломить. Ни пеплом, ни разрухой.
А мягкий мишка — напоминание, что победа нужна ради будущего.";Пост;"В зоне СВО| Великая  Россия| Новости";https://vk.com/club46217147;"15:22 24.07.2025";273;0;0;0;0;25300;1,079%;0%;0%;0%;0%
https://vk.com/wall-221267807_163922;"Нас не сломить. Ни пеплом, ни разрухой.
А мягкий мишка — напоминание, что победа нужна ради будущего.";Пост;"ЧВК ВАГНЕР";https://vk.com/club221267807;"13:41 24.07.2025";27;0;0;0;0;552;4,891%;0%;0%;0%;0%
https://vk.com/wall-221142732_9278;"Нас не сломить. Ни пеплом, ни разрухой.
А мягкий мишка — напоминание, что победа нужна ради будущего.🇷🇺";Пост;"Приграничье Брянск";https://vk.com/club221142732;"12:41 24.07.2025";49;4;0;0;0;1536;3,19%;0,26%;0%;0%;0%
https://vk.com/wall-161845830_381939;"Нас не сломить. Ни пеплом, ни разрухой.

А мягкий мишка — напоминание, что победа нужна ради будущего.";Пост;"В зоне СВО| Сильная Россия| Новости";https://vk.com/club161845830;"12:27 24.07.2025";311;0;1;0;0;13943;2,231%;0%;0,007%;0%;0%
https://vk.com/wall-210812857_607149;"🇷🇺🇷🇺🇷🇺🙏
Нас не сломить. Ни пеплом, ни разрухой.
А мягкий мишка — напоминание, что победа нужна ради будущего.";Пост;"Новости ДНР | ЛНР | Военная операция на Украине";https://vk.com/club210812857;"12:08 24.07.2025";53;0;0;0;0;2289;2,315%;0%;0%;0%;0%
https://vk.com/wall-152048620_79570;"Нас не сломить. Ни пеплом, ни разрухой.
А мягкий мишка — напоминание, что победа нужна ради будущего.";Пост;"В зоне СВО| Армия Россия | Военная хроника";https://vk.com/club152048620;"11:49 24.07.2025";180;0;0;0;0;8673;2,075%;0%;0%;0%;0%
https://vk.com/wall-150020650_2111758;"Нас не сломить. Ни пеплом, ни разрухой.

А мягкий мишка — напоминание, что победа нужна ради будущего.";Пост;"Информационная поддержка Президента России";https://vk.com/club150020650;"11:47 24.07.2025";558;3;4;0;0;20564;2,713%;0,015%;0,019%;0%;0%
https://vk.com/wall-226599028_90791;"Нас не сломить. Ни пеплом, ни разрухой.
А мягкий мишка — напоминание, что победа нужна ради будущего.";Пост;"СВО Z";https://vk.com/club226599028;"11:19 24.07.2025";136;4;1;0;0;1980;6,869%;0,202%;0,051%;0%;0%
https://vk.com/wall-147085429_119872;"Нас не сломить. Ни пеплом, ни разрухой.
А мягкий мишка — напоминание, что победа нужна ради будущего.";Пост;"Сводки СВО | Армия России";https://vk.com/club147085429;"11:00 24.07.2025";21;4;0;0;0;641;3,276%;0,624%;0%;0%;0%
https://vk.com/wall-210977948_171726;"Нас не сломить. Ни пеплом, ни разрухой.
А мягкий мишка — напоминание, что победа нужна ради будущего.";Пост;"МЫ - БРАТИШКИ ИЗ СПЕЦНАЗА";https://vk.com/club210977948;"11:00 24.07.2025";6;4;1;0;0;98;6,122%;4,082%;1,02%;0%;0%
https://vk.com/wall-125866183_516880;"Нас не сломить. Ни пеплом, ни разрухой.
А мягкий мишка — напоминание, что победа нужна ради будущего.";Пост;"Донецк-город сильных людей.";https://vk.com/club125866183;"10:35 24.07.2025";7;0;1;0;0;244;2,869%;0%;0,41%;0%;0%
https://vk.com/wall-63960562_343048;"Нас не сломить. Ни пеплом, ни разрухой.
А мягкий мишка — напоминание, что победа нужна ради будущего.";Пост;"ЧВК ВАГНЕР  | АРМИЯ | РОССИЯ";https://vk.com/club63960562;"10:12 24.07.2025";0;0;0;0;0;82;0%;0%;0%;0%;0%
https://vk.com/wall-229357719_14443;"Нас не сломить. Ни пеплом, ни разрухой.
А мягкий мишка — напоминание, что победа нужна ради будущего.🇷🇺";Пост;"МИРНОЕ НЕБО !";https://vk.com/club229357719;"10:09 24.07.2025";53;0;0;0;0;390;13,59%;0%;0%;0%;0%
https://vk.com/wall-200203334_62749;"Нас не сломить. Ни пеплом, ни разрухой.
А мягкий мишка — напоминание, что победа нужна ради будущего.";Пост;"ЧВК ВАГНЕР | СВО | РОССИЯ";https://vk.com/club200203334;"10:02 24.07.2025";109;3;1;0;0;886;12,302%;0,339%;0,113%;0%;0%
https://vk.com/wall-224831014_34976;"Нас не сломить. Ни пеплом, ни разрухой.
А мягкий мишка — напоминание, что победа нужна ради будущего.";Пост;#СВО;https://vk.com/club224831014;"09:10 24.07.2025";35;1;1;0;0;417;8,393%;0,24%;0,24%;0%;0%
https://vk.com/wall-227552131_32909;"Нас не сломить. Ни пеплом, ни разрухой.
А мягкий мишка — напоминание, что победа нужна ради будущего.";Пост;"Бесстрашные и безупречные 🫂🫶";https://vk.com/club227552131;"08:58 24.07.2025";59;4;0;0;0;501;11,776%;0,798%;0%;0%;0%
https://vk.com/wall-98660148_823889;"🇷🇺🗣Нас не сломить. Ни пеплом, ни разрухой.
А мягкий мишка — напоминание, что победа нужна ради будущего.✊
ОТ АДМИНА: Ангела Хранителя каждому защитнику Родины!🙌";Пост;"СУРОВЫЕ КОТЫ ДОНБАССА";https://vk.com/club98660148;"23:30 24.07.2025";23;0;0;0;0;526;4,373%;0%;0%;0%;0%
https://vk.com/wall-69052778_234558;"❗Нас не сломить. Ни пеплом, ни разрухой.

❤ — А мягкий мишка — напоминание, что победа нужна ради будущего.

🤍 [https://vk.com/wall-69052778_111823|ТГ канал «Шёпот Белгород»] 🤍 
 
💙 [https://vk.com/shepot_belgorod1231|Прислать новость] [https://vk.com/shepot_belgorod1231|/] [https://vk.com/shepot_belgorod1231|Писать по рекламе]";Пост;"Шёпот Белгород";https://vk.com/club69052778;"10:30 24.07.2025";24;2;0;0;0;1343;1,787%;0,149%;0%;0%;0%
