link,text,type,author,author_link,date,likes,comments,reposts,views,keywords_matched
https://vk.com/wall-224692604_112692,"–ù–∞—Å –Ω–µ —Å–ª–æ–º–∏—Ç—å. –ù–∏ –ø–µ–ø–ª–æ–º, –Ω–∏ —Ä–∞–∑—Ä—É—Ö–æ–π.
–ê –º—è–≥–∫–∏–π –º–∏—à–∫–∞ ‚Äî –Ω–∞–ø–æ–º–∏–Ω–∞–Ω–∏–µ, —á—Ç–æ –ø–æ–±–µ–¥–∞ –Ω—É–∂–Ω–∞ —Ä–∞–¥–∏ –±—É–¥—É—â–µ–≥–æ.",–ü–æ—Å—Ç,,,23:39 24.07.2025,236,6,2,3680,"–ù–∞—Å –Ω–µ —Å–ª–æ–º–∏—Ç—å. –ù–∏ –ø–µ–ø–ª–æ–º, –Ω–∏ —Ä–∞–∑—Ä—É—Ö–æ–π., –ê –º—è–≥–∫–∏–π –º–∏—à–∫–∞ ‚Äî –Ω–∞–ø–æ–º–∏–Ω–∞–Ω–∏–µ, —á—Ç–æ –ø–æ–±–µ–¥–∞ –Ω—É–∂–Ω–∞ —Ä–∞–¥–∏ –±—É–¥—É—â–µ–≥–æ."
https://vk.com/wall-148824521_116498,"–ù–∞—Å –Ω–µ —Å–ª–æ–º–∏—Ç—å. –ù–∏ –ø–µ–ø–ª–æ–º, –Ω–∏ —Ä–∞–∑—Ä—É—Ö–æ–π.
–ê –º—è–≥–∫–∏–π –º–∏—à–∫–∞ ‚Äî –Ω–∞–ø–æ–º–∏–Ω–∞–Ω–∏–µ, —á—Ç–æ –ø–æ–±–µ–¥–∞ –Ω—É–∂–Ω–∞ —Ä–∞–¥–∏ –±—É–¥—É—â–µ–≥–æ.",–ü–æ—Å—Ç,,,22:48 24.07.2025,19,0,0,700,"–ù–∞—Å –Ω–µ —Å–ª–æ–º–∏—Ç—å. –ù–∏ –ø–µ–ø–ª–æ–º, –Ω–∏ —Ä–∞–∑—Ä—É—Ö–æ–π., –ê –º—è–≥–∫–∏–π –º–∏—à–∫–∞ ‚Äî –Ω–∞–ø–æ–º–∏–Ω–∞–Ω–∏–µ, —á—Ç–æ –ø–æ–±–µ–¥–∞ –Ω—É–∂–Ω–∞ —Ä–∞–¥–∏ –±—É–¥—É—â–µ–≥–æ."
https://vk.com/wall-226389423_10085,"–î–∞–∂–µ –≤ –±–æ–µ–≤—ã—Ö —É—Å–ª–æ–≤–∏—è—Ö —á–µ–ª–æ–≤–µ–∫ –æ—Å—Ç–∞—ë—Ç—Å—è —á–µ–ª–æ–≤–µ–∫–æ–º.
–î–æ–±—Ä–æ –≤—Å–µ–≥–¥–∞ –Ω–∞–π–¥—ë—Ç —Å–µ–±–µ –º–µ—Å—Ç–æ ‚Äî –¥–∞–∂–µ –Ω–∞ –ø–µ—Ä–µ–¥–æ–≤–æ–π.",–ü–æ—Å—Ç,,,22:39 24.07.2025,197,0,0,11887,"–î–∞–∂–µ –≤ –±–æ–µ–≤—ã—Ö —É—Å–ª–æ–≤–∏—è—Ö —á–µ–ª–æ–≤–µ–∫ –æ—Å—Ç–∞—ë—Ç—Å—è —á–µ–ª–æ–≤–µ–∫–æ–º., –î–æ–±—Ä–æ –≤—Å–µ–≥–¥–∞ –Ω–∞–π–¥—ë—Ç —Å–µ–±–µ –º–µ—Å—Ç–æ ‚Äî –¥–∞–∂–µ –Ω–∞ –ø–µ—Ä–µ–¥–æ–≤–æ–π."
https://vk.com/wall-226389423_10084,"–ù–∞—Å –Ω–µ —Å–ª–æ–º–∏—Ç—å. –ù–∏ –ø–µ–ø–ª–æ–º, –Ω–∏ —Ä–∞–∑—Ä—É—Ö–æ–π.
–ê –º—è–≥–∫–∏–π –º–∏—à–∫–∞ ‚Äî –Ω–∞–ø–æ–º–∏–Ω–∞–Ω–∏–µ, —á—Ç–æ –ø–æ–±–µ–¥–∞ –Ω—É–∂–Ω–∞ —Ä–∞–¥–∏ –±—É–¥—É—â–µ–≥–æ.",–ü–æ—Å—Ç,,,22:39 24.07.2025,186,0,0,10672,"–ù–∞—Å –Ω–µ —Å–ª–æ–º–∏—Ç—å. –ù–∏ –ø–µ–ø–ª–æ–º, –Ω–∏ —Ä–∞–∑—Ä—É—Ö–æ–π., –ê –º—è–≥–∫–∏–π –º–∏—à–∫–∞ ‚Äî –Ω–∞–ø–æ–º–∏–Ω–∞–Ω–∏–µ, —á—Ç–æ –ø–æ–±–µ–¥–∞ –Ω—É–∂–Ω–∞ —Ä–∞–¥–∏ –±—É–¥—É—â–µ–≥–æ."
https://vk.com/wall-58801394_1018653,"–ù–∞—Å –Ω–µ —Å–ª–æ–º–∏—Ç—å. –ù–∏ –ø–µ–ø–ª–æ–º, –Ω–∏ —Ä–∞–∑—Ä—É—Ö–æ–π.
–ê –º—è–≥–∫–∏–π –º–∏—à–∫–∞ ‚Äî –Ω–∞–ø–æ–º–∏–Ω–∞–Ω–∏–µ, —á—Ç–æ –ø–æ–±–µ–¥–∞ –Ω—É–∂–Ω–∞ —Ä–∞–¥–∏ –±—É–¥—É—â–µ–≥–æ.",–ü–æ—Å—Ç,,,22:27 24.07.2025,414,0,2,17849,"–ù–∞—Å –Ω–µ —Å–ª–æ–º–∏—Ç—å. –ù–∏ –ø–µ–ø–ª–æ–º, –Ω–∏ —Ä–∞–∑—Ä—É—Ö–æ–π., –ê –º—è–≥–∫–∏–π –º–∏—à–∫–∞ ‚Äî –Ω–∞–ø–æ–º–∏–Ω–∞–Ω–∏–µ, —á—Ç–æ –ø–æ–±–µ–¥–∞ –Ω—É–∂–Ω–∞ —Ä–∞–¥–∏ –±—É–¥—É—â–µ–≥–æ."
https://vk.com/wall-46217147_311482,"–ù–∞—Å –Ω–µ —Å–ª–æ–º–∏—Ç—å. –ù–∏ –ø–µ–ø–ª–æ–º, –Ω–∏ —Ä–∞–∑—Ä—É—Ö–æ–π.
–ê –º—è–≥–∫–∏–π –º–∏—à–∫–∞ ‚Äî –Ω–∞–ø–æ–º–∏–Ω–∞–Ω–∏–µ, —á—Ç–æ –ø–æ–±–µ–¥–∞ –Ω—É–∂–Ω–∞ —Ä–∞–¥–∏ –±—É–¥—É—â–µ–≥–æ.",–ü–æ—Å—Ç,,,22:22 24.07.2025,274,0,0,30778,"–ù–∞—Å –Ω–µ —Å–ª–æ–º–∏—Ç—å. –ù–∏ –ø–µ–ø–ª–æ–º, –Ω–∏ —Ä–∞–∑—Ä—É—Ö–æ–π., –ê –º—è–≥–∫–∏–π –º–∏—à–∫–∞ ‚Äî –Ω–∞–ø–æ–º–∏–Ω–∞–Ω–∏–µ, —á—Ç–æ –ø–æ–±–µ–¥–∞ –Ω—É–∂–Ω–∞ —Ä–∞–¥–∏ –±—É–¥—É—â–µ–≥–æ."
https://vk.com/wall-221267807_163923,"–î–∞–∂–µ –≤ –±–æ–µ–≤—ã—Ö —É—Å–ª–æ–≤–∏—è—Ö —á–µ–ª–æ–≤–µ–∫ –æ—Å—Ç–∞—ë—Ç—Å—è —á–µ–ª–æ–≤–µ–∫–æ–º.
–î–æ–±—Ä–æ –≤—Å–µ–≥–¥–∞ –Ω–∞–π–¥—ë—Ç —Å–µ–±–µ –º–µ—Å—Ç–æ ‚Äî –¥–∞–∂–µ –Ω–∞ –ø–µ—Ä–µ–¥–æ–≤–æ–π.",–ü–æ—Å—Ç,,,20:41 24.07.2025,41,0,0,759,"–î–∞–∂–µ –≤ –±–æ–µ–≤—ã—Ö —É—Å–ª–æ–≤–∏—è—Ö —á–µ–ª–æ–≤–µ–∫ –æ—Å—Ç–∞—ë—Ç—Å—è —á–µ–ª–æ–≤–µ–∫–æ–º., –î–æ–±—Ä–æ –≤—Å–µ–≥–¥–∞ –Ω–∞–π–¥—ë—Ç —Å–µ–±–µ –º–µ—Å—Ç–æ ‚Äî –¥–∞–∂–µ –Ω–∞ –ø–µ—Ä–µ–¥–æ–≤–æ–π."
https://vk.com/wall-221267807_163922,"–ù–∞—Å –Ω–µ —Å–ª–æ–º–∏—Ç—å. –ù–∏ –ø–µ–ø–ª–æ–º, –Ω–∏ —Ä–∞–∑—Ä—É—Ö–æ–π.
–ê –º—è–≥–∫–∏–π –º–∏—à–∫–∞ ‚Äî –Ω–∞–ø–æ–º–∏–Ω–∞–Ω–∏–µ, —á—Ç–æ –ø–æ–±–µ–¥–∞ –Ω—É–∂–Ω–∞ —Ä–∞–¥–∏ –±—É–¥—É—â–µ–≥–æ.",–ü–æ—Å—Ç,,,20:41 24.07.2025,29,0,0,590,"–ù–∞—Å –Ω–µ —Å–ª–æ–º–∏—Ç—å. –ù–∏ –ø–µ–ø–ª–æ–º, –Ω–∏ —Ä–∞–∑—Ä—É—Ö–æ–π., –ê –º—è–≥–∫–∏–π –º–∏—à–∫–∞ ‚Äî –Ω–∞–ø–æ–º–∏–Ω–∞–Ω–∏–µ, —á—Ç–æ –ø–æ–±–µ–¥–∞ –Ω—É–∂–Ω–∞ —Ä–∞–¥–∏ –±—É–¥—É—â–µ–≥–æ."
https://vk.com/wall-63960562_343049,"–î–∞–∂–µ –≤ –±–æ–µ–≤—ã—Ö —É—Å–ª–æ–≤–∏—è—Ö —á–µ–ª–æ–≤–µ–∫ –æ—Å—Ç–∞—ë—Ç—Å—è —á–µ–ª–æ–≤–µ–∫–æ–º.
–î–æ–±—Ä–æ –≤—Å–µ–≥–¥–∞ –Ω–∞–π–¥—ë—Ç —Å–µ–±–µ –º–µ—Å—Ç–æ ‚Äî –¥–∞–∂–µ –Ω–∞ –ø–µ—Ä–µ–¥–æ–≤–æ–π.",–ü–æ—Å—Ç,,,20:12 24.07.2025,2,0,0,111,"–î–∞–∂–µ –≤ –±–æ–µ–≤—ã—Ö —É—Å–ª–æ–≤–∏—è—Ö —á–µ–ª–æ–≤–µ–∫ –æ—Å—Ç–∞—ë—Ç—Å—è —á–µ–ª–æ–≤–µ–∫–æ–º., –î–æ–±—Ä–æ –≤—Å–µ–≥–¥–∞ –Ω–∞–π–¥—ë—Ç —Å–µ–±–µ –º–µ—Å—Ç–æ ‚Äî –¥–∞–∂–µ –Ω–∞ –ø–µ—Ä–µ–¥–æ–≤–æ–π."
https://vk.com/wall-200203334_62754,"–î–∞–∂–µ –≤ –±–æ–µ–≤—ã—Ö —É—Å–ª–æ–≤–∏—è—Ö —á–µ–ª–æ–≤–µ–∫ –æ—Å—Ç–∞—ë—Ç—Å—è —á–µ–ª–æ–≤–µ–∫–æ–º.
–î–æ–±—Ä–æ –≤—Å–µ–≥–¥–∞ –Ω–∞–π–¥—ë—Ç —Å–µ–±–µ –º–µ—Å—Ç–æ ‚Äî –¥–∞–∂–µ –Ω–∞ –ø–µ—Ä–µ–¥–æ–≤–æ–π.",–ü–æ—Å—Ç,,,20:02 24.07.2025,158,11,2,1407,"–î–∞–∂–µ –≤ –±–æ–µ–≤—ã—Ö —É—Å–ª–æ–≤–∏—è—Ö —á–µ–ª–æ–≤–µ–∫ –æ—Å—Ç–∞—ë—Ç—Å—è —á–µ–ª–æ–≤–µ–∫–æ–º., –î–æ–±—Ä–æ –≤—Å–µ–≥–¥–∞ –Ω–∞–π–¥—ë—Ç —Å–µ–±–µ –º–µ—Å—Ç–æ ‚Äî –¥–∞–∂–µ –Ω–∞ –ø–µ—Ä–µ–¥–æ–≤–æ–π."
https://vk.com/wall-221142732_9278,"–ù–∞—Å –Ω–µ —Å–ª–æ–º–∏—Ç—å. –ù–∏ –ø–µ–ø–ª–æ–º, –Ω–∏ —Ä–∞–∑—Ä—É—Ö–æ–π.
–ê –º—è–≥–∫–∏–π –º–∏—à–∫–∞ ‚Äî –Ω–∞–ø–æ–º–∏–Ω–∞–Ω–∏–µ, —á—Ç–æ –ø–æ–±–µ–¥–∞ –Ω—É–∂–Ω–∞ —Ä–∞–¥–∏ –±—É–¥—É—â–µ–≥–æ.üá∑üá∫",–ü–æ—Å—Ç,,,19:41 24.07.2025,58,5,0,1908,"–ù–∞—Å –Ω–µ —Å–ª–æ–º–∏—Ç—å. –ù–∏ –ø–µ–ø–ª–æ–º, –Ω–∏ —Ä–∞–∑—Ä—É—Ö–æ–π., –ê –º—è–≥–∫–∏–π –º–∏—à–∫–∞ ‚Äî –Ω–∞–ø–æ–º–∏–Ω–∞–Ω–∏–µ, —á—Ç–æ –ø–æ–±–µ–¥–∞ –Ω—É–∂–Ω–∞ —Ä–∞–¥–∏ –±—É–¥—É—â–µ–≥–æ."
https://vk.com/wall-161845830_381939,"–ù–∞—Å –Ω–µ —Å–ª–æ–º–∏—Ç—å. –ù–∏ –ø–µ–ø–ª–æ–º, –Ω–∏ —Ä–∞–∑—Ä—É—Ö–æ–π.

–ê –º—è–≥–∫–∏–π –º–∏—à–∫–∞ ‚Äî –Ω–∞–ø–æ–º–∏–Ω–∞–Ω–∏–µ, —á—Ç–æ –ø–æ–±–µ–¥–∞ –Ω—É–∂–Ω–∞ —Ä–∞–¥–∏ –±—É–¥—É—â–µ–≥–æ.",–ü–æ—Å—Ç,,,19:27 24.07.2025,316,0,1,14036,"–ù–∞—Å –Ω–µ —Å–ª–æ–º–∏—Ç—å. –ù–∏ –ø–µ–ø–ª–æ–º, –Ω–∏ —Ä–∞–∑—Ä—É—Ö–æ–π., –ê –º—è–≥–∫–∏–π –º–∏—à–∫–∞ ‚Äî –Ω–∞–ø–æ–º–∏–Ω–∞–Ω–∏–µ, —á—Ç–æ –ø–æ–±–µ–¥–∞ –Ω—É–∂–Ω–∞ —Ä–∞–¥–∏ –±—É–¥—É—â–µ–≥–æ."
https://vk.com/wall-98660148_823772,"–î–∞–∂–µ –≤ –±–æ–µ–≤—ã—Ö —É—Å–ª–æ–≤–∏—è—Ö —á–µ–ª–æ–≤–µ–∫ –æ—Å—Ç–∞—ë—Ç—Å—è —á–µ–ª–æ–≤–µ–∫–æ–º.
–î–æ–±—Ä–æ –≤—Å–µ–≥–¥–∞ –Ω–∞–π–¥—ë—Ç —Å–µ–±–µ –º–µ—Å—Ç–æ ‚Äî –¥–∞–∂–µ –Ω–∞ –ø–µ—Ä–µ–¥–æ–≤–æ–π.‚úä",–ü–æ—Å—Ç,,,19:17 24.07.2025,16,1,0,394,"–î–∞–∂–µ –≤ –±–æ–µ–≤—ã—Ö —É—Å–ª–æ–≤–∏—è—Ö —á–µ–ª–æ–≤–µ–∫ –æ—Å—Ç–∞—ë—Ç—Å—è —á–µ–ª–æ–≤–µ–∫–æ–º., –î–æ–±—Ä–æ –≤—Å–µ–≥–¥–∞ –Ω–∞–π–¥—ë—Ç —Å–µ–±–µ –º–µ—Å—Ç–æ ‚Äî –¥–∞–∂–µ –Ω–∞ –ø–µ—Ä–µ–¥–æ–≤–æ–π."
https://vk.com/wall-210812857_607149,"üá∑üá∫üá∑üá∫üá∑üá∫üôè
–ù–∞—Å –Ω–µ —Å–ª–æ–º–∏—Ç—å. –ù–∏ –ø–µ–ø–ª–æ–º, –Ω–∏ —Ä–∞–∑—Ä—É—Ö–æ–π.
–ê –º—è–≥–∫–∏–π –º–∏—à–∫–∞ ‚Äî –Ω–∞–ø–æ–º–∏–Ω–∞–Ω–∏–µ, —á—Ç–æ –ø–æ–±–µ–¥–∞ –Ω—É–∂–Ω–∞ —Ä–∞–¥–∏ –±—É–¥—É—â–µ–≥–æ.",–ü–æ—Å—Ç,,,19:08 24.07.2025,54,0,0,2493,"–ù–∞—Å –Ω–µ —Å–ª–æ–º–∏—Ç—å. –ù–∏ –ø–µ–ø–ª–æ–º, –Ω–∏ —Ä–∞–∑—Ä—É—Ö–æ–π., –ê –º—è–≥–∫–∏–π –º–∏—à–∫–∞ ‚Äî –Ω–∞–ø–æ–º–∏–Ω–∞–Ω–∏–µ, —á—Ç–æ –ø–æ–±–µ–¥–∞ –Ω—É–∂–Ω–∞ —Ä–∞–¥–∏ –±—É–¥—É—â–µ–≥–æ."
https://vk.com/wall-152048620_79570,"–ù–∞—Å –Ω–µ —Å–ª–æ–º–∏—Ç—å. –ù–∏ –ø–µ–ø–ª–æ–º, –Ω–∏ —Ä–∞–∑—Ä—É—Ö–æ–π.
–ê –º—è–≥–∫–∏–π –º–∏—à–∫–∞ ‚Äî –Ω–∞–ø–æ–º–∏–Ω–∞–Ω–∏–µ, —á—Ç–æ –ø–æ–±–µ–¥–∞ –Ω—É–∂–Ω–∞ —Ä–∞–¥–∏ –±—É–¥—É—â–µ–≥–æ.",–ü–æ—Å—Ç,,,18:49 24.07.2025,181,0,0,8685,"–ù–∞—Å –Ω–µ —Å–ª–æ–º–∏—Ç—å. –ù–∏ –ø–µ–ø–ª–æ–º, –Ω–∏ —Ä–∞–∑—Ä—É—Ö–æ–π., –ê –º—è–≥–∫–∏–π –º–∏—à–∫–∞ ‚Äî –Ω–∞–ø–æ–º–∏–Ω–∞–Ω–∏–µ, —á—Ç–æ –ø–æ–±–µ–¥–∞ –Ω—É–∂–Ω–∞ —Ä–∞–¥–∏ –±—É–¥—É—â–µ–≥–æ."
https://vk.com/wall-150020650_2111758,"–ù–∞—Å –Ω–µ —Å–ª–æ–º–∏—Ç—å. –ù–∏ –ø–µ–ø–ª–æ–º, –Ω–∏ —Ä–∞–∑—Ä—É—Ö–æ–π.

–ê –º—è–≥–∫–∏–π –º–∏—à–∫–∞ ‚Äî –Ω–∞–ø–æ–º–∏–Ω–∞–Ω–∏–µ, —á—Ç–æ –ø–æ–±–µ–¥–∞ –Ω—É–∂–Ω–∞ —Ä–∞–¥–∏ –±—É–¥—É—â–µ–≥–æ.",–ü–æ—Å—Ç,,,18:47 24.07.2025,566,3,4,20753,"–ù–∞—Å –Ω–µ —Å–ª–æ–º–∏—Ç—å. –ù–∏ –ø–µ–ø–ª–æ–º, –Ω–∏ —Ä–∞–∑—Ä—É—Ö–æ–π., –ê –º—è–≥–∫–∏–π –º–∏—à–∫–∞ ‚Äî –Ω–∞–ø–æ–º–∏–Ω–∞–Ω–∏–µ, —á—Ç–æ –ø–æ–±–µ–¥–∞ –Ω—É–∂–Ω–∞ —Ä–∞–¥–∏ –±—É–¥—É—â–µ–≥–æ."
https://vk.com/wall-229357719_14448,"–î–∞–∂–µ –≤ –±–æ–µ–≤—ã—Ö —É—Å–ª–æ–≤–∏—è—Ö —á–µ–ª–æ–≤–µ–∫ –æ—Å—Ç–∞—ë—Ç—Å—è —á–µ–ª–æ–≤–µ–∫–æ–º.
–î–æ–±—Ä–æ –≤—Å–µ–≥–¥–∞ –Ω–∞–π–¥—ë—Ç —Å–µ–±–µ –º–µ—Å—Ç–æ ‚Äî –¥–∞–∂–µ –Ω–∞ –ø–µ—Ä–µ–¥–æ–≤–æ–π.üá∑üá∫",–ü–æ—Å—Ç,,,18:37 24.07.2025,23,0,0,240,"–î–∞–∂–µ –≤ –±–æ–µ–≤—ã—Ö —É—Å–ª–æ–≤–∏—è—Ö —á–µ–ª–æ–≤–µ–∫ –æ—Å—Ç–∞—ë—Ç—Å—è —á–µ–ª–æ–≤–µ–∫–æ–º., –î–æ–±—Ä–æ –≤—Å–µ–≥–¥–∞ –Ω–∞–π–¥—ë—Ç —Å–µ–±–µ –º–µ—Å—Ç–æ ‚Äî –¥–∞–∂–µ –Ω–∞ –ø–µ—Ä–µ–¥–æ–≤–æ–π."
https://vk.com/wall-226599028_90791,"–ù–∞—Å –Ω–µ —Å–ª–æ–º–∏—Ç—å. –ù–∏ –ø–µ–ø–ª–æ–º, –Ω–∏ —Ä–∞–∑—Ä—É—Ö–æ–π.
–ê –º—è–≥–∫–∏–π –º–∏—à–∫–∞ ‚Äî –Ω–∞–ø–æ–º–∏–Ω–∞–Ω–∏–µ, —á—Ç–æ –ø–æ–±–µ–¥–∞ –Ω—É–∂–Ω–∞ —Ä–∞–¥–∏ –±—É–¥—É—â–µ–≥–æ.",–ü–æ—Å—Ç,,,18:19 24.07.2025,177,5,1,2619,"–ù–∞—Å –Ω–µ —Å–ª–æ–º–∏—Ç—å. –ù–∏ –ø–µ–ø–ª–æ–º, –Ω–∏ —Ä–∞–∑—Ä—É—Ö–æ–π., –ê –º—è–≥–∫–∏–π –º–∏—à–∫–∞ ‚Äî –Ω–∞–ø–æ–º–∏–Ω–∞–Ω–∏–µ, —á—Ç–æ –ø–æ–±–µ–¥–∞ –Ω—É–∂–Ω–∞ —Ä–∞–¥–∏ –±—É–¥—É—â–µ–≥–æ."
https://vk.com/wall-25943575_1158294,–õ–∏—Å –ø–µ—Ä–µ–¥–∞–µ—Ç –≤—Å–µ–º –¥–æ–±—Ä–æ–µ —É—Ç—Ä–æ,–ü–æ—Å—Ç,,,18:07 24.07.2025,236,8,0,3367,–õ–∏—Å –ø–µ—Ä–µ–¥–∞–µ—Ç –≤—Å–µ–º –¥–æ–±—Ä–æ–µ —É—Ç—Ä–æ
https://vk.com/wall-147085429_119872,"–ù–∞—Å –Ω–µ —Å–ª–æ–º–∏—Ç—å. –ù–∏ –ø–µ–ø–ª–æ–º, –Ω–∏ —Ä–∞–∑—Ä—É—Ö–æ–π.
–ê –º—è–≥–∫–∏–π –º–∏—à–∫–∞ ‚Äî –Ω–∞–ø–æ–º–∏–Ω–∞–Ω–∏–µ, —á—Ç–æ –ø–æ–±–µ–¥–∞ –Ω—É–∂–Ω–∞ —Ä–∞–¥–∏ –±—É–¥—É—â–µ–≥–æ.",–ü–æ—Å—Ç,,,18:00 24.07.2025,28,4,0,870,"–ù–∞—Å –Ω–µ —Å–ª–æ–º–∏—Ç—å. –ù–∏ –ø–µ–ø–ª–æ–º, –Ω–∏ —Ä–∞–∑—Ä—É—Ö–æ–π., –ê –º—è–≥–∫–∏–π –º–∏—à–∫–∞ ‚Äî –Ω–∞–ø–æ–º–∏–Ω–∞–Ω–∏–µ, —á—Ç–æ –ø–æ–±–µ–¥–∞ –Ω—É–∂–Ω–∞ —Ä–∞–¥–∏ –±—É–¥—É—â–µ–≥–æ."
https://vk.com/wall-210977948_171726,"–ù–∞—Å –Ω–µ —Å–ª–æ–º–∏—Ç—å. –ù–∏ –ø–µ–ø–ª–æ–º, –Ω–∏ —Ä–∞–∑—Ä—É—Ö–æ–π.
–ê –º—è–≥–∫–∏–π –º–∏—à–∫–∞ ‚Äî –Ω–∞–ø–æ–º–∏–Ω–∞–Ω–∏–µ, —á—Ç–æ –ø–æ–±–µ–¥–∞ –Ω—É–∂–Ω–∞ —Ä–∞–¥–∏ –±—É–¥—É—â–µ–≥–æ.",–ü–æ—Å—Ç,,,18:00 24.07.2025,6,4,1,101,"–ù–∞—Å –Ω–µ —Å–ª–æ–º–∏—Ç—å. –ù–∏ –ø–µ–ø–ª–æ–º, –Ω–∏ —Ä–∞–∑—Ä—É—Ö–æ–π., –ê –º—è–≥–∫–∏–π –º–∏—à–∫–∞ ‚Äî –Ω–∞–ø–æ–º–∏–Ω–∞–Ω–∏–µ, —á—Ç–æ –ø–æ–±–µ–¥–∞ –Ω—É–∂–Ω–∞ —Ä–∞–¥–∏ –±—É–¥—É—â–µ–≥–æ."
https://vk.com/wall-125866183_516880,"–ù–∞—Å –Ω–µ —Å–ª–æ–º–∏—Ç—å. –ù–∏ –ø–µ–ø–ª–æ–º, –Ω–∏ —Ä–∞–∑—Ä—É—Ö–æ–π.
–ê –º—è–≥–∫–∏–π –º–∏—à–∫–∞ ‚Äî –Ω–∞–ø–æ–º–∏–Ω–∞–Ω–∏–µ, —á—Ç–æ –ø–æ–±–µ–¥–∞ –Ω—É–∂–Ω–∞ —Ä–∞–¥–∏ –±—É–¥—É—â–µ–≥–æ.",–ü–æ—Å—Ç,,,17:35 24.07.2025,7,0,1,252,"–ù–∞—Å –Ω–µ —Å–ª–æ–º–∏—Ç—å. –ù–∏ –ø–µ–ø–ª–æ–º, –Ω–∏ —Ä–∞–∑—Ä—É—Ö–æ–π., –ê –º—è–≥–∫–∏–π –º–∏—à–∫–∞ ‚Äî –Ω–∞–ø–æ–º–∏–Ω–∞–Ω–∏–µ, —á—Ç–æ –ø–æ–±–µ–¥–∞ –Ω—É–∂–Ω–∞ —Ä–∞–¥–∏ –±—É–¥—É—â–µ–≥–æ."
https://vk.com/wall-125866183_516879,"–î–∞–∂–µ –≤ –±–æ–µ–≤—ã—Ö —É—Å–ª–æ–≤–∏—è—Ö —á–µ–ª–æ–≤–µ–∫ –æ—Å—Ç–∞—ë—Ç—Å—è —á–µ–ª–æ–≤–µ–∫–æ–º.
–î–æ–±—Ä–æ –≤—Å–µ–≥–¥–∞ –Ω–∞–π–¥—ë—Ç —Å–µ–±–µ –º–µ—Å—Ç–æ ‚Äî –¥–∞–∂–µ –Ω–∞ –ø–µ—Ä–µ–¥–æ–≤–æ–π.",–ü–æ—Å—Ç,,,17:30 24.07.2025,9,0,0,254,"–î–∞–∂–µ –≤ –±–æ–µ–≤—ã—Ö —É—Å–ª–æ–≤–∏—è—Ö —á–µ–ª–æ–≤–µ–∫ –æ—Å—Ç–∞—ë—Ç—Å—è —á–µ–ª–æ–≤–µ–∫–æ–º., –î–æ–±—Ä–æ –≤—Å–µ–≥–¥–∞ –Ω–∞–π–¥—ë—Ç —Å–µ–±–µ –º–µ—Å—Ç–æ ‚Äî –¥–∞–∂–µ –Ω–∞ –ø–µ—Ä–µ–¥–æ–≤–æ–π."
https://vk.com/wall-69052778_234558,"‚ùó–ù–∞—Å –Ω–µ —Å–ª–æ–º–∏—Ç—å. –ù–∏ –ø–µ–ø–ª–æ–º, –Ω–∏ —Ä–∞–∑—Ä—É—Ö–æ–π.

‚ù§ ‚Äî –ê –º—è–≥–∫–∏–π –º–∏—à–∫–∞ ‚Äî –Ω–∞–ø–æ–º–∏–Ω–∞–Ω–∏–µ, —á—Ç–æ –ø–æ–±–µ–¥–∞ –Ω—É–∂–Ω–∞ —Ä–∞–¥–∏ –±—É–¥—É—â–µ–≥–æ.

ü§ç [https://vk.com/wall-69052778_111823|–¢–ì –∫–∞–Ω–∞–ª ¬´–®—ë–ø–æ—Ç –ë–µ–ª–≥–æ—Ä–æ–¥¬ª] ü§ç 
 
üíô [https://vk.com/shepot_belgorod1231|–ü—Ä–∏—Å–ª–∞—Ç—å –Ω–æ–≤–æ—Å—Ç—å] [https://vk.com/shepot_belgorod1231|/] [https://vk.com/shepot_belgorod1231|–ü–∏—Å–∞—Ç—å –ø–æ —Ä–µ–∫–ª–∞–º–µ]",–ü–æ—Å—Ç,,,17:30 24.07.2025,26,2,0,1511,"–ù–∞—Å –Ω–µ —Å–ª–æ–º–∏—Ç—å. –ù–∏ –ø–µ–ø–ª–æ–º, –Ω–∏ —Ä–∞–∑—Ä—É—Ö–æ–π., –ê –º—è–≥–∫–∏–π –º–∏—à–∫–∞ ‚Äî –Ω–∞–ø–æ–º–∏–Ω–∞–Ω–∏–µ, —á—Ç–æ –ø–æ–±–µ–¥–∞ –Ω—É–∂–Ω–∞ —Ä–∞–¥–∏ –±—É–¥—É—â–µ–≥–æ."
https://vk.com/wall-125866183_516874,–õ–∏—Å –ø–µ—Ä–µ–¥–∞–µ—Ç –≤—Å–µ–º –¥–æ–±—Ä–æ–µ —É—Ç—Ä–æ,–ü–æ—Å—Ç,,,17:20 24.07.2025,27,1,0,360,–õ–∏—Å –ø–µ—Ä–µ–¥–∞–µ—Ç –≤—Å–µ–º –¥–æ–±—Ä–æ–µ —É—Ç—Ä–æ
https://vk.com/wall-63960562_343048,"–ù–∞—Å –Ω–µ —Å–ª–æ–º–∏—Ç—å. –ù–∏ –ø–µ–ø–ª–æ–º, –Ω–∏ —Ä–∞–∑—Ä—É—Ö–æ–π.
–ê –º—è–≥–∫–∏–π –º–∏—à–∫–∞ ‚Äî –Ω–∞–ø–æ–º–∏–Ω–∞–Ω–∏–µ, —á—Ç–æ –ø–æ–±–µ–¥–∞ –Ω—É–∂–Ω–∞ —Ä–∞–¥–∏ –±—É–¥—É—â–µ–≥–æ.",–ü–æ—Å—Ç,,,17:12 24.07.2025,1,0,0,88,"–ù–∞—Å –Ω–µ —Å–ª–æ–º–∏—Ç—å. –ù–∏ –ø–µ–ø–ª–æ–º, –Ω–∏ —Ä–∞–∑—Ä—É—Ö–æ–π., –ê –º—è–≥–∫–∏–π –º–∏—à–∫–∞ ‚Äî –Ω–∞–ø–æ–º–∏–Ω–∞–Ω–∏–µ, —á—Ç–æ –ø–æ–±–µ–¥–∞ –Ω—É–∂–Ω–∞ —Ä–∞–¥–∏ –±—É–¥—É—â–µ–≥–æ."
https://vk.com/wall-229357719_14443,"–ù–∞—Å –Ω–µ —Å–ª–æ–º–∏—Ç—å. –ù–∏ –ø–µ–ø–ª–æ–º, –Ω–∏ —Ä–∞–∑—Ä—É—Ö–æ–π.
–ê –º—è–≥–∫–∏–π –º–∏—à–∫–∞ ‚Äî –Ω–∞–ø–æ–º–∏–Ω–∞–Ω–∏–µ, —á—Ç–æ –ø–æ–±–µ–¥–∞ –Ω—É–∂–Ω–∞ —Ä–∞–¥–∏ –±—É–¥—É—â–µ–≥–æ.üá∑üá∫",–ü–æ—Å—Ç,,,17:09 24.07.2025,55,0,0,409,"–ù–∞—Å –Ω–µ —Å–ª–æ–º–∏—Ç—å. –ù–∏ –ø–µ–ø–ª–æ–º, –Ω–∏ —Ä–∞–∑—Ä—É—Ö–æ–π., –ê –º—è–≥–∫–∏–π –º–∏—à–∫–∞ ‚Äî –Ω–∞–ø–æ–º–∏–Ω–∞–Ω–∏–µ, —á—Ç–æ –ø–æ–±–µ–¥–∞ –Ω—É–∂–Ω–∞ —Ä–∞–¥–∏ –±—É–¥—É—â–µ–≥–æ."
https://vk.com/wall-200203334_62749,"–ù–∞—Å –Ω–µ —Å–ª–æ–º–∏—Ç—å. –ù–∏ –ø–µ–ø–ª–æ–º, –Ω–∏ —Ä–∞–∑—Ä—É—Ö–æ–π.
–ê –º—è–≥–∫–∏–π –º–∏—à–∫–∞ ‚Äî –Ω–∞–ø–æ–º–∏–Ω–∞–Ω–∏–µ, —á—Ç–æ –ø–æ–±–µ–¥–∞ –Ω—É–∂–Ω–∞ —Ä–∞–¥–∏ –±—É–¥—É—â–µ–≥–æ.",–ü–æ—Å—Ç,,,17:02 24.07.2025,122,5,1,1059,"–ù–∞—Å –Ω–µ —Å–ª–æ–º–∏—Ç—å. –ù–∏ –ø–µ–ø–ª–æ–º, –Ω–∏ —Ä–∞–∑—Ä—É—Ö–æ–π., –ê –º—è–≥–∫–∏–π –º–∏—à–∫–∞ ‚Äî –Ω–∞–ø–æ–º–∏–Ω–∞–Ω–∏–µ, —á—Ç–æ –ø–æ–±–µ–¥–∞ –Ω—É–∂–Ω–∞ —Ä–∞–¥–∏ –±—É–¥—É—â–µ–≥–æ."
https://vk.com/wall-210812857_607130,"üá∑üá∫üá∑üá∫üá∑üá∫üôè
–î–∞–∂–µ –≤ –±–æ–µ–≤—ã—Ö —É—Å–ª–æ–≤–∏—è—Ö —á–µ–ª–æ–≤–µ–∫ –æ—Å—Ç–∞—ë—Ç—Å—è —á–µ–ª–æ–≤–µ–∫–æ–º.
–î–æ–±—Ä–æ –≤—Å–µ–≥–¥–∞ –Ω–∞–π–¥—ë—Ç —Å–µ–±–µ –º–µ—Å—Ç–æ ‚Äî –¥–∞–∂–µ –Ω–∞ –ø–µ—Ä–µ–¥–æ–≤–æ–π.",–ü–æ—Å—Ç,,,16:53 24.07.2025,115,2,0,3546,"–î–∞–∂–µ –≤ –±–æ–µ–≤—ã—Ö —É—Å–ª–æ–≤–∏—è—Ö —á–µ–ª–æ–≤–µ–∫ –æ—Å—Ç–∞—ë—Ç—Å—è —á–µ–ª–æ–≤–µ–∫–æ–º., –î–æ–±—Ä–æ –≤—Å–µ–≥–¥–∞ –Ω–∞–π–¥—ë—Ç —Å–µ–±–µ –º–µ—Å—Ç–æ ‚Äî –¥–∞–∂–µ –Ω–∞ –ø–µ—Ä–µ–¥–æ–≤–æ–π."
https://vk.com/wall-210977948_171717,"–î–∞–∂–µ –≤ –±–æ–µ–≤—ã—Ö —É—Å–ª–æ–≤–∏—è—Ö —á–µ–ª–æ–≤–µ–∫ –æ—Å—Ç–∞—ë—Ç—Å—è —á–µ–ª–æ–≤–µ–∫–æ–º.
–î–æ–±—Ä–æ –≤—Å–µ–≥–¥–∞ –Ω–∞–π–¥—ë—Ç —Å–µ–±–µ –º–µ—Å—Ç–æ ‚Äî –¥–∞–∂–µ –Ω–∞ –ø–µ—Ä–µ–¥–æ–≤–æ–π.",–ü–æ—Å—Ç,,,16:30 24.07.2025,12,0,0,138,"–î–∞–∂–µ –≤ –±–æ–µ–≤—ã—Ö —É—Å–ª–æ–≤–∏—è—Ö —á–µ–ª–æ–≤–µ–∫ –æ—Å—Ç–∞—ë—Ç—Å—è —á–µ–ª–æ–≤–µ–∫–æ–º., –î–æ–±—Ä–æ –≤—Å–µ–≥–¥–∞ –Ω–∞–π–¥—ë—Ç —Å–µ–±–µ –º–µ—Å—Ç–æ ‚Äî –¥–∞–∂–µ –Ω–∞ –ø–µ—Ä–µ–¥–æ–≤–æ–π."
https://vk.com/wall-224831014_34976,"–ù–∞—Å –Ω–µ —Å–ª–æ–º–∏—Ç—å. –ù–∏ –ø–µ–ø–ª–æ–º, –Ω–∏ —Ä–∞–∑—Ä—É—Ö–æ–π.
–ê –º—è–≥–∫–∏–π –º–∏—à–∫–∞ ‚Äî –Ω–∞–ø–æ–º–∏–Ω–∞–Ω–∏–µ, —á—Ç–æ –ø–æ–±–µ–¥–∞ –Ω—É–∂–Ω–∞ —Ä–∞–¥–∏ –±—É–¥—É—â–µ–≥–æ.",–ü–æ—Å—Ç,,,16:10 24.07.2025,35,1,1,439,"–ù–∞—Å –Ω–µ —Å–ª–æ–º–∏—Ç—å. –ù–∏ –ø–µ–ø–ª–æ–º, –Ω–∏ —Ä–∞–∑—Ä—É—Ö–æ–π., –ê –º—è–≥–∫–∏–π –º–∏—à–∫–∞ ‚Äî –Ω–∞–ø–æ–º–∏–Ω–∞–Ω–∏–µ, —á—Ç–æ –ø–æ–±–µ–¥–∞ –Ω—É–∂–Ω–∞ —Ä–∞–¥–∏ –±—É–¥—É—â–µ–≥–æ."
https://vk.com/wall-227552131_32909,"–ù–∞—Å –Ω–µ —Å–ª–æ–º–∏—Ç—å. –ù–∏ –ø–µ–ø–ª–æ–º, –Ω–∏ —Ä–∞–∑—Ä—É—Ö–æ–π.
–ê –º—è–≥–∫–∏–π –º–∏—à–∫–∞ ‚Äî –Ω–∞–ø–æ–º–∏–Ω–∞–Ω–∏–µ, —á—Ç–æ –ø–æ–±–µ–¥–∞ –Ω—É–∂–Ω–∞ —Ä–∞–¥–∏ –±—É–¥—É—â–µ–≥–æ.",–ü–æ—Å—Ç,,,15:58 24.07.2025,61,4,0,546,"–ù–∞—Å –Ω–µ —Å–ª–æ–º–∏—Ç—å. –ù–∏ –ø–µ–ø–ª–æ–º, –Ω–∏ —Ä–∞–∑—Ä—É—Ö–æ–π., –ê –º—è–≥–∫–∏–π –º–∏—à–∫–∞ ‚Äî –Ω–∞–ø–æ–º–∏–Ω–∞–Ω–∏–µ, —á—Ç–æ –ø–æ–±–µ–¥–∞ –Ω—É–∂–Ω–∞ —Ä–∞–¥–∏ –±—É–¥—É—â–µ–≥–æ."
https://vk.com/wall-224831014_34969,–õ–∏—Å –ø–µ—Ä–µ–¥–∞–µ—Ç –≤—Å–µ–º –¥–æ–±—Ä–æ–µ —É—Ç—Ä–æ,–ü–æ—Å—Ç,,,15:33 24.07.2025,11,0,1,254,–õ–∏—Å –ø–µ—Ä–µ–¥–∞–µ—Ç –≤—Å–µ–º –¥–æ–±—Ä–æ–µ —É—Ç—Ä–æ
https://vk.com/wall-224831014_34967,"–î–∞–∂–µ –≤ –±–æ–µ–≤—ã—Ö —É—Å–ª–æ–≤–∏—è—Ö —á–µ–ª–æ–≤–µ–∫ –æ—Å—Ç–∞—ë—Ç—Å—è —á–µ–ª–æ–≤–µ–∫–æ–º.
–î–æ–±—Ä–æ –≤—Å–µ–≥–¥–∞ –Ω–∞–π–¥—ë—Ç —Å–µ–±–µ –º–µ—Å—Ç–æ ‚Äî –¥–∞–∂–µ –Ω–∞ –ø–µ—Ä–µ–¥–æ–≤–æ–π.",–ü–æ—Å—Ç,,,15:33 24.07.2025,11,0,2,302,"–î–∞–∂–µ –≤ –±–æ–µ–≤—ã—Ö —É—Å–ª–æ–≤–∏—è—Ö —á–µ–ª–æ–≤–µ–∫ –æ—Å—Ç–∞—ë—Ç—Å—è —á–µ–ª–æ–≤–µ–∫–æ–º., –î–æ–±—Ä–æ –≤—Å–µ–≥–¥–∞ –Ω–∞–π–¥—ë—Ç —Å–µ–±–µ –º–µ—Å—Ç–æ ‚Äî –¥–∞–∂–µ –Ω–∞ –ø–µ—Ä–µ–¥–æ–≤–æ–π."
https://vk.com/wall-227552131_32900,–õ–∏—Å –ø–µ—Ä–µ–¥–∞–µ—Ç –≤—Å–µ–º –¥–æ–±—Ä–æ–µ —É—Ç—Ä–æ,–ü–æ—Å—Ç,,,15:26 24.07.2025,20,2,0,326,–õ–∏—Å –ø–µ—Ä–µ–¥–∞–µ—Ç –≤—Å–µ–º –¥–æ–±—Ä–æ–µ —É—Ç—Ä–æ
https://vk.com/wall-227552131_32898,"–î–∞–∂–µ –≤ –±–æ–µ–≤—ã—Ö —É—Å–ª–æ–≤–∏—è—Ö —á–µ–ª–æ–≤–µ–∫ –æ—Å—Ç–∞—ë—Ç—Å—è —á–µ–ª–æ–≤–µ–∫–æ–º.
–î–æ–±—Ä–æ –≤—Å–µ–≥–¥–∞ –Ω–∞–π–¥—ë—Ç —Å–µ–±–µ –º–µ—Å—Ç–æ ‚Äî –¥–∞–∂–µ –Ω–∞ –ø–µ—Ä–µ–¥–æ–≤–æ–π.",–ü–æ—Å—Ç,,,15:26 24.07.2025,28,2,0,352,"–î–∞–∂–µ –≤ –±–æ–µ–≤—ã—Ö —É—Å–ª–æ–≤–∏—è—Ö —á–µ–ª–æ–≤–µ–∫ –æ—Å—Ç–∞—ë—Ç—Å—è —á–µ–ª–æ–≤–µ–∫–æ–º., –î–æ–±—Ä–æ –≤—Å–µ–≥–¥–∞ –Ω–∞–π–¥—ë—Ç —Å–µ–±–µ –º–µ—Å—Ç–æ ‚Äî –¥–∞–∂–µ –Ω–∞ –ø–µ—Ä–µ–¥–æ–≤–æ–π."
https://vk.com/wall-148824521_116485,–õ–∏—Å –ø–µ—Ä–µ–¥–∞–µ—Ç –≤—Å–µ–º –¥–æ–±—Ä–æ–µ —É—Ç—Ä–æ,–ü–æ—Å—Ç,,,15:05 24.07.2025,17,0,0,392,–õ–∏—Å –ø–µ—Ä–µ–¥–∞–µ—Ç –≤—Å–µ–º –¥–æ–±—Ä–æ–µ —É—Ç—Ä–æ
https://vk.com/wall-148824521_116483,"–î–∞–∂–µ –≤ –±–æ–µ–≤—ã—Ö —É—Å–ª–æ–≤–∏—è—Ö —á–µ–ª–æ–≤–µ–∫ –æ—Å—Ç–∞—ë—Ç—Å—è —á–µ–ª–æ–≤–µ–∫–æ–º.
–î–æ–±—Ä–æ –≤—Å–µ–≥–¥–∞ –Ω–∞–π–¥—ë—Ç —Å–µ–±–µ –º–µ—Å—Ç–æ ‚Äî –¥–∞–∂–µ –Ω–∞ –ø–µ—Ä–µ–¥–æ–≤–æ–π.",–ü–æ—Å—Ç,,,15:05 24.07.2025,15,0,0,405,"–î–∞–∂–µ –≤ –±–æ–µ–≤—ã—Ö —É—Å–ª–æ–≤–∏—è—Ö —á–µ–ª–æ–≤–µ–∫ –æ—Å—Ç–∞—ë—Ç—Å—è —á–µ–ª–æ–≤–µ–∫–æ–º., –î–æ–±—Ä–æ –≤—Å–µ–≥–¥–∞ –Ω–∞–π–¥—ë—Ç —Å–µ–±–µ –º–µ—Å—Ç–æ ‚Äî –¥–∞–∂–µ –Ω–∞ –ø–µ—Ä–µ–¥–æ–≤–æ–π."
https://vk.com/wall-210977948_171710,–õ–∏—Å –ø–µ—Ä–µ–¥–∞–µ—Ç –≤—Å–µ–º –¥–æ–±—Ä–æ–µ —É—Ç—Ä–æ,–ü–æ—Å—Ç,,,15:00 24.07.2025,5,0,0,94,–õ–∏—Å –ø–µ—Ä–µ–¥–∞–µ—Ç –≤—Å–µ–º –¥–æ–±—Ä–æ–µ —É—Ç—Ä–æ
https://vk.com/wall-68164411_114468,"–î–∞–∂–µ –≤ –±–æ–µ–≤—ã—Ö —É—Å–ª–æ–≤–∏—è—Ö —á–µ–ª–æ–≤–µ–∫ –æ—Å—Ç–∞—ë—Ç—Å—è —á–µ–ª–æ–≤–µ–∫–æ–º. –î–æ–±—Ä–æ –≤—Å–µ–≥–¥–∞ –Ω–∞–π–¥—ë—Ç —Å–µ–±–µ –º–µ—Å—Ç–æ ‚Äî –¥–∞–∂–µ –Ω–∞ –ø–µ—Ä–µ–¥–æ–≤–æ–π.

#–°–í–û #–†–û–°–°–ò–Ø2025 #–†—É—Å—Å–∫–∏–π–ú–∏—Ä #–ú–ò–†Z üá∑üá∫",–ü–æ—Å—Ç,,,15:00 24.07.2025,11,0,0,136,"–î–∞–∂–µ –≤ –±–æ–µ–≤—ã—Ö —É—Å–ª–æ–≤–∏—è—Ö —á–µ–ª–æ–≤–µ–∫ –æ—Å—Ç–∞—ë—Ç—Å—è —á–µ–ª–æ–≤–µ–∫–æ–º., –î–æ–±—Ä–æ –≤—Å–µ–≥–¥–∞ –Ω–∞–π–¥—ë—Ç —Å–µ–±–µ –º–µ—Å—Ç–æ ‚Äî –¥–∞–∂–µ –Ω–∞ –ø–µ—Ä–µ–¥–æ–≤–æ–π."
https://vk.com/wall-221267807_163904,–õ–∏—Å –ø–µ—Ä–µ–¥–∞–µ—Ç –≤—Å–µ–º –¥–æ–±—Ä–æ–µ —É—Ç—Ä–æ,–ü–æ—Å—Ç,,,13:56 24.07.2025,66,3,0,801,–õ–∏—Å –ø–µ—Ä–µ–¥–∞–µ—Ç –≤—Å–µ–º –¥–æ–±—Ä–æ–µ —É—Ç—Ä–æ
