keyword,post_text,author,date,time,timestamp,likes,comments,shares,post_id,owner_id,attachments,–°—Å—ã–ª–∫–∞
"–ù–∞—à–∏ –±–æ–π—Ü—ã –≤ –∑–æ–Ω–µ –°–í–û. –°–∏–ª—å–Ω—ã–µ, —Å–ø–æ–∫–æ–π–Ω—ã–µ, —Å–æ–±—Ä–∞–Ω–Ω—ã–µ. –î–µ–ª–∞—é—Ç —Å–≤–æ—é —Ä–∞–±–æ—Ç—É","19 –∏—é–ª—è 1990 –≥–æ–¥–∞ –Ω–∞ 58-–º –≥–æ–¥—É –∂–∏–∑–Ω–∏ —Å–∫–æ–Ω—á–∞–ª—Å—è —Ä—É—Å—Å–∫–∏–π –∞–∫—Ç—ë—Ä –ì–µ–æ—Ä–≥–∏–π –ë—É—Ä–∫–æ–≤. –î–∏–∞–≥–Ω–æ–∑ ‚Äî —Ç—Ä–æ–º–±–æ—ç–º–±–æ–ª–∏—è –ª–µ–≥–æ—á–Ω–æ–π –∞—Ä—Ç–µ—Ä–∏–∏. –ü–æ—Ö–æ—Ä–æ–Ω–µ–Ω –≤ –ú–æ—Å–∫–≤–µ –Ω–∞ –í–∞–≥–∞–Ω—å–∫–æ–≤—Å–∫–æ–º –∫–ª–∞–¥–±–∏—â–µ (—É—á–∞—Å—Ç–æ–∫ ‚Ññ 13).

–î–æ —Ä–∞–∑–≤–∞–ª–∞ –°–°–°–† –ë—É—Ä–∫–æ–≤ –Ω–µ –¥–æ–∂–∏–ª –≤—Å–µ–≥–æ –æ–¥–∏–Ω –≥–æ–¥. –°–æ–≤–µ—Ç—Å–∫–æ–π –≤–ª–∞—Å—Ç–∏ –æ–Ω –Ω–µ —Å–æ—á—É–≤—Å—Ç–≤–æ–≤–∞–ª, —Ö–æ—Ç—è –∫–∞–∑–∞–ª–æ—Å—å –±—ã, —á—Ç–æ —Å–æ–≤–µ—Ç—Å–∫–∞—è –≤–ª–∞—Å—Ç—å –∞–∫—Ç—ë—Ä—É –Ω–∞—Å–æ–ª–∏—Ç—å –Ω–µ –º–æ–≥–ª–∞. –ë—É—Ä–∫–æ–≤ –ø–æ–ª—É—á–∏–ª —Ç–∏–ø–∏—á–Ω–æ–µ —Å–æ–≤–µ—Ç—Å–∫–æ–µ –æ–±—Ä–∞–∑–æ–≤–∞–Ω–∏–µ, –Ω–æ –µ–≥–æ ¬´–∏—Å–ø–æ—Ä—Ç–∏–ª–∞¬ª –ª—é–±–æ–≤—å –∫ —Ä—É—Å—Å–∫–æ–π –∫–ª–∞—Å—Å–∏—á–µ—Å–∫–æ–π –ª–∏—Ç–µ—Ä–∞—Ç—É—Ä–µ, —É—á–∏–≤—à–µ–π –∏—Å–∫—Ä–µ–Ω–Ω–æ—Å—Ç–∏ –∏ —É–º–µ–Ω–∏—é –¥—É–º–∞—Ç—å. –°–≤–æ–∏ –º—ã—Å–ª–∏ –æ–Ω –∏–∑–ª–∞–≥–∞–ª –≤ –¥–Ω–µ–≤–Ω–∏–∫–µ. 
–ü–æ—Å–ª–µ –µ–≥–æ —Å–º–µ—Ä—Ç–∏ –≤–¥–æ–≤–∞ –∞–∫—Ç—ë—Ä–∞ –¢–∞—Ç—å—è–Ω–∞ –£—Ö–∞—Ä–æ–≤–∞ –¥–∞–ª–∞ —Ä–∞–∑—Ä–µ—à–µ–Ω–∏–µ –Ω–∞ –ø—É–±–ª–∏–∫–∞—Ü–∏—é –¥–Ω–µ–≤–Ω–∏–∫–æ–≤—ã—Ö –∑–∞–ø–∏—Å–µ–π –º—É–∂–∞, –∫–æ—Ç–æ—Ä—ã–µ –æ–Ω –≤—ë–ª —Å 1953 –ø–æ 1990 –≥–æ–¥—ã. –ö–Ω–∏–≥–∞, –Ω–∞–∑–≤–∞–Ω–Ω–∞—è ¬´–•—Ä–æ–Ω–∏–∫–∞ —Å–µ—Ä–¥—Ü–∞¬ª, –≤—ã—à–ª–∞ –≤ 1998 –≥–æ–¥—É –≤ –∏–∑–¥–∞—Ç–µ–ª—å—Å—Ç–≤–µ ¬´–í–∞–≥—Ä–∏—É—Å¬ª (—Å–µ—Ä–∏—è ¬´–ú–æ–π XX –≤–µ–∫¬ª). 
 
–¶–∏—Ç–∞—Ç—ã –∏–∑ –¥–Ω–µ–≤–Ω–∏–∫–æ–≤—ã—Ö –∑–∞–ø–∏—Å–µ–π –ì–µ–æ—Ä–≥–∏—è –ë—É—Ä–∫–æ–≤–∞: 
 
–í–æ—Ç —Ä—É–≥–∞—é—Ç ¬´–¥–µ—Ä–µ–≤–µ–Ω—â–∏–∫–æ–≤¬ª: –¥–µ—Å–∫–∞—Ç—å, –Ω–∞–ø–∞–¥–∞—é—Ç –Ω–∞ –≥–æ—Ä–æ–¥, –≤—Å–µ –±–µ–¥—ã –∏ –ø–æ—Ä–æ–∫–∏, —Å—á–∏—Ç–∞—é—Ç ¬´–¥–µ—Ä–µ–≤–µ–Ω—â–∏–∫–∏¬ª, –∏—Å—Ö–æ–¥—è—Ç –∏–∑ –≥–æ—Ä–æ–¥–∞. –û—Å–æ–±–µ–Ω–Ω–æ –¥–æ—Å—Ç–∞–ª–æ—Å—å –∑–∞ –Ω–∞–ø–∞–¥–∫–∏ –Ω–∞ –≥–æ—Ä–æ–¥ –®—É–∫—à–∏–Ω—É. 
–ù–æ —Å–µ–π—á–∞—Å, –∫–æ–≥–¥–∞ –Ω–∞—á–∏–Ω–∞–µ—Ç –ø—Ä–æ—è—Å–Ω—è—Ç—å—Å—è –≥—Ä–∞–Ω–¥–∏–æ–∑–Ω–æ–µ –ø—Ä–µ—Å—Ç—É–ø–ª–µ–Ω–∏–µ –±–æ–ª—å—à–µ–≤–∏–∫–æ–≤ –ø—Ä–æ—Ç–∏–≤ —Ä—É—Å—Å–∫–æ–≥–æ (–¥–∞ –∏ –Ω–µ —Ç–æ–ª—å–∫–æ —Ä—É—Å—Å–∫–æ–≥–æ) –∫—Ä–µ—Å—Ç—å—è–Ω—Å—Ç–≤–∞, –∫–æ–≥–¥–∞ –º—ã —Å—Ç–∞–ª–∏ —Ç–æ–ª—å–∫–æ –¥–æ–≥–∞–¥—ã–≤–∞—Ç—å—Å—è –æ –º–∞—Å—à—Ç–∞–±–µ –±–µ—Å–ø–æ—â–∞–¥–Ω–æ–≥–æ –∏—Å—Ç—Ä–µ–±–ª–µ–Ω–∏—è —Ä—É—Å—Å–∫–æ–≥–æ –∫—Ä–µ—Å—Ç—å—è–Ω—Å—Ç–≤–∞, –ª—É—á—à–µ–π —á–∞—Å—Ç–∏ –Ω–∞—Ä–æ–¥–∞, –º–æ–∂–Ω–æ —É–∂–µ —Å–º–µ–ª–æ –≥–æ–≤–æ—Ä–∏—Ç—å –æ —Ç–æ–º, —á—Ç–æ –®—É–∫—à–∏–Ω –∏ –¥—Ä—É–≥–∏–µ –±—ã–ª–∏ –ø—Ä–∞–≤—ã. –ù–æ –≤–æ—Ç –≤–µ–¥—å —á—É–¥–µ—Å–∞ –∫–∞–∫–∏–µ: –Ω–∏–∫—Ç–æ –Ω–µ —Å–æ–±–∏—Ä–∞–µ—Ç—Å—è –ø—Ä–∏–Ω–æ—Å–∏—Ç—å —Ö–æ—Ç—è –±—ã –ø–æ—Å–º–µ—Ä—Ç–Ω—ã—Ö –∏–∑–≤–∏–Ω–µ–Ω–∏–π –®—É–∫—à–∏–Ω—É. –ë–æ–ª–µ–µ —Ç–æ–≥–æ, –≤–æ–∑–Ω–∏–∫–Ω–∏ —ç—Ç–æ—Ç –≤–æ–ø—Ä–æ—Å, –Ω–∞ –Ω–µ–≥–æ –Ω–∞–±—Ä–æ—Å—è—Ç—Å—è —Å –ø—Ä–µ–∂–Ω–µ–π –Ω–µ–Ω–∞–≤–∏—Å—Ç—å—é. –ü–æ–¥ ¬´–≥–æ—Ä–æ–¥–æ–º¬ª –ø–æ–¥—Ä–∞–∑—É–º–µ–≤–∞—é—Ç –Ω–µ –≤–ª–∞—Å—Ç—å –±–æ–ª—å—à–µ–≤–∏–∫–æ–≤, –∞ –ø–æ—á–µ–º—É-—Ç–æ –∏–Ω—Ç–µ–ª–ª–∏–≥–µ–Ω—Ü–∏—é, –∫–æ—Ç–æ—Ä—É—é –∏—Å—Ç—Ä–µ–±–ª—è–ª–∏ —Å —Ç–∞–∫–∏–º –∂–µ —É—Å–µ—Ä–¥–∏–µ–º, —Å –∫–∞–∫–∏–º –∏—Å—Ç—Ä–µ–±–ª—è–ª–∏ —Ö–æ–∑—è–µ–≤ –∑–µ–º–ª–∏ –∏ –Ω–æ—Å–∏—Ç–µ–ª–µ–π —Ä—É—Å—Å–∫–æ–≥–æ —É–∫–ª–∞–¥–∞ –∂–∏–∑–Ω–∏ –∏ –∫—É–ª—å—Ç—É—Ä—ã. 
*** 
–ú—ã –º–Ω–æ–≥–æ –≥–æ–≤–æ—Ä–∏–º –æ –∫–∞–±–∞–ª—å–Ω—ã—Ö –¥–æ–ª–≥–∞—Ö —Ä–∞–∑–≤–∏–≤–∞—é—â–∏—Ö—Å—è —Å—Ç—Ä–∞–Ω, –Ω–æ –Ω–∏—á–µ–≥–æ –Ω–µ –≥–æ–≤–æ—Ä–∏–º –æ–± –∏–º–ø–µ—Ä–∏–∞–ª–∏—Å—Ç–∏—á–µ—Å–∫–æ–º —Ö–∞—Ä–∞–∫—Ç–µ—Ä–µ –Ω–∞—à–µ–≥–æ –≥–æ—Å—É–¥–∞—Ä—Å—Ç–≤–∞ –ø–æ –æ—Ç–Ω–æ—à–µ–Ω–∏—é –∫ —Ç–æ–π –∏–ª–∏ –∏–Ω–æ–π –æ—Ç—Ä–∞—Å–ª–∏. –ö –∫–∏–Ω–æ, –Ω–∞–ø—Ä–∏–º–µ—Ä. –¢—É—Ç –¥–∞–∂–µ –Ω–µ –¥–æ–ª–≥–∏, –∞ –ø—Ä–æ—Å—Ç–æ —Ä—ç–∫–µ—Ç: –¥–∞–µ—Ç—Å—è –æ—Ç –∑–∞—Ä–∞–±–æ—Ç–∞–Ω–Ω–æ–≥–æ, —á—Ç–æ–± –Ω–µ —Å–¥–æ—Ö–ª–∏. –ö—É–¥–∞ –ø–µ—Ä–µ—Ä–∞—Å–ø—Ä–µ–¥–µ–ª—è—é—Ç—Å—è –¥–µ–Ω—å–≥–∏? –ï—Å–ª–∏ –ø—Ä–æ—Å–ª–µ–¥–∏—Ç—å –∑–∞ —Ñ–∏–Ω–∞–Ω—Å–æ–≤—ã–º–∏ –ª–∞–±–∏—Ä–∏–Ω—Ç–∞–º–∏, —Ç–æ –≤—ã—è—Å–Ω–∏—Ç—Å—è: –¥–ª—è —Å–æ–¥–µ—Ä–∂–∞–Ω–∏—è –ø–∞—Ä—Ç–∏–π–Ω–æ-—Ö–æ–∑—è–π—Å—Ç–≤–µ–Ω–Ω–æ–π —ç–ª–∏—Ç—ã. 
–ò –Ω–∞ –≤–µ—Ç–µ—Ä. –¢–∞–∫ –¥–∞–∂–µ –¥–≤–æ—Ä—è–Ω–µ –Ω–µ —Ç—Ä–∞–Ω–∂–∏—Ä–∏–ª–∏, –Ω–µ –ø—Ä–æ–≥—É–ª–∏–≤–∞–ª–∏ –Ω–∞—Ä–æ–¥–Ω—ã–µ –¥–µ–Ω—å–≥–∏. 
 
1988 
 
–ü–æ–¥—É–º–∞–ª–æ—Å—å –æ —Ç–æ–º, –∫–∞–∫ —Ç—Ä—É–¥–Ω–æ –¥–∞–µ—Ç—Å—è –Ω–∞–º –ø—Ä–∞–≤–¥–∞. –í 1956 –º—ã –≤–æ—à–ª–∏ –≤ —Å—Ç—Ä–∞—à–Ω—É—é –∑–æ–Ω—É —Å—Ç–∞–ª–∏–Ω–∏–∑–º–∞ –∏ –∞—Ö–Ω—É–ª–∏ –æ—Ç —É–∂–∞—Å–∞. 
–°–∫–æ—Ä–æ —ç–∫—Å–∫—É—Ä—Å–∏—è –∫–æ–Ω—á–∏–ª–∞—Å—å, –Ω–∞—á–∞–ª–∏—Å—å —Å–æ–º–Ω–µ–Ω–∏—è –∏ –ø–æ–¥–ø–æ–ª—å–Ω–æ–µ –æ—Å–º—ã—Å–ª–µ–Ω–∏–µ –ø–æ–∑–Ω–∞–Ω–Ω–æ–≥–æ. 
–°–µ–≥–æ–¥–Ω—è –º—ã —Å–Ω–æ–≤–∞ –≤—Ö–æ–¥–∏–º –≤ —ç—Ç—É –ø–µ—â–µ—Ä—É —É–∂–∞—Å–æ–≤. –ù–µ –¥—É–º–∞—é, —á—Ç–æ –Ω–∞ —ç—Ç–æ—Ç —Ä–∞–∑ –≤—Å–µ –±—É–¥–µ—Ç —Ä–∞–∑–≤–µ—è–Ω–æ –∏ —Ä–µ—à–µ–Ω–æ –æ–∫–æ–Ω—á–∞—Ç–µ–ª—å–Ω–æ. –ü–æ–ø—ã—Ç–∫—É –∑–∞–∫—Ä—ã—Ç—å —Ç–µ–º—É –∏ –ø–æ—Å—Ç–∞–≤–∏—Ç—å —Ç–æ—á–∫—É —Å–¥–µ–ª–∞–ª–∏ —É–∂–µ –Ω–∞ –ø—Ä–∞–∑–¥–Ω–∏–∫–µ 70-–ª–µ—Ç–∏—è. –£–±–µ–∂–¥–µ–Ω, —á—Ç–æ –Ω–∞ –ø–∞—Ä—Ç–∫–æ–Ω—Ñ–µ—Ä–µ–Ω—Ü–∏–∏ –≤ —Å–µ—Ä–µ–¥–∏–Ω–µ 1988-–≥–æ —Ç–µ–º—É –∑–∞–∫—Ä–æ—é—Ç –∏–ª–∏ –ø–µ—Ä–µ–≤–µ–¥—É—Ç —Å—Ç—Ä–µ–ª–∫—É –Ω–∞ –¥—Ä—É–≥–æ–µ –Ω–∞–ø—Ä–∞–≤–ª–µ–Ω–∏–µ (–Ω–∞ –ë—Ä–µ–∂–Ω–µ–≤–∞?). 
–ú—ã —Ç–µ–ø–µ—Ä—å –±—É–¥–µ–º –ø—Ä–æ–¥–≤–∏–≥–∞—Ç—å—Å—è –ø–æ —ç—Ç–æ–π –∑–æ–Ω–µ –ø–µ—Ä–µ–±–µ–∂–∫–∞–º–∏. –ù–µ—Å–∫–æ—Ä–æ –µ—â–µ –ø–æ—Å—Ç–∞–≤–∏–º –ø–∞–º—è—Ç–Ω–∏–∫ –Ω–∞ –ö–æ–ª—ã–º–µ, –Ω–µ—Å–∫–æ—Ä–æ –≤–æ–∑–Ω–∏–∫–Ω–µ—Ç –¥–µ–º–æ–∫—Ä–∞—Ç–∏—è. 

–°—Ç–∞–ª–∏–Ω—Å–∫–∏–µ –¥–µ–ª–∞ ‚Äì —ç—Ç–æ –¥–µ–ª–∞ –ø–∞—Ä—Ç–∏–∏. –°—Ç–∞–ª–∏–Ω —Å–≤–æ—é –≤–∞—Ö—Ç—É –æ—Ç—Å—Ç–æ—è–ª, —Å–ø–∞—Å –ø–∞—Ä—Ç–∏—é. –û—Ç —á–µ–≥–æ? –û—Ç —Ä–∞–∑–≤–∞–ª–∞ –∏ –æ—Ç –≤—ã—Ä–æ–∂–¥–µ–Ω–∏—è. –ü–æ—Ç–æ–º, –æ–±—Ä–∞—Ç–Ω—ã–π –ø—É—Ç—å –ø–æ –≤–æ—Å—Å—Ç–∞–Ω–æ–≤–ª–µ–Ω–∏—é —Å–ø—Ä–∞–≤–µ–¥–ª–∏–≤–æ—Å—Ç–∏ –Ω–∞ –°—Ç–∞–ª–∏–Ω–µ –Ω–µ –∑–∞–∫–æ–Ω—á–∏—Ç—Å—è. –ü–æ—ç—Ç–æ–º—É –Ω–∞—Å –µ—â–µ –¥–æ–ª–≥–æ –±—É–¥—É—Ç –≤–æ–¥–∏—Ç—å –ø–æ –º–∏–Ω–Ω–æ–º—É –ª–∞–±–∏—Ä–∏–Ω—Ç—É —Å—Ç–∞–ª–∏–Ω–∏–∑–º–∞. –ù–∞ —á—Ç–æ –Ω–∞–¥–µ—é—Ç—Å—è –Ω—ã–Ω–µ—à–Ω–∏–µ –ª–∏–¥–µ—Ä—ã? –ù–∞ —Ç–æ, —á—Ç–æ –∏–º —É–¥–∞—Å—Ç—Å—è –∑–∞ —ç—Ç–æ –≤—Ä–µ–º—è –≤—ã–≤–µ—Å—Ç–∏ –ø–∞—Ä—Ç–∏—é –∏–∑ –≥–ª—É–±–æ—á–∞–π—à–µ–≥–æ –∫—Ä–∏–∑–∏—Å–∞, –≤—ã—Ä–≤–∞—Ç—å—Å—è –Ω–∞ –æ–ø–µ—Ä–∞—Ç–∏–≤–Ω—ã–π –ø—Ä–æ—Å—Ç–æ—Ä –∏ —Å–¥–µ–ª–∞—Ç—å —á—Ç–æ-—Ç–æ –ø—É—Ç–Ω–æ–µ, –Ω–∞–≥–ª—è–¥–Ω–æ–µ. –ü–æ–∫–∞ –∞–∫—Ü–µ–Ω—Ç –ø–µ—Ä–µ–Ω–µ—Å–µ–Ω –Ω–∞ –¥–µ–ª–∞ –º–µ–∂–¥—É–Ω–∞—Ä–æ–¥–Ω—ã–µ, —Ç–∞–∫ —É–¥–æ–±–Ω–µ–µ —Å–µ–π—á–∞—Å. 
–ù–æ –∏–∑ —ç—Ç–æ–≥–æ, –¥–æ–≥–∞–¥—ã–≤–∞—é—Å—å, –Ω–∏—á–µ–≥–æ –Ω–µ –≤—ã–π–¥–µ—Ç. –ü–æ—Å—Ç–æ—è–Ω–Ω—ã–π –≤—ã–∏–≥—Ä—ã—à –≤—Ä–µ–º–µ–Ω–∏ ‚Äì –∏ –µ—Å—Ç—å –ø—Ä–æ–≥—Ä–∞–º–º–∞. 
–ê –°—Ç–∞–ª–∏–Ω–∞ –ø—Ä–∏–¥–µ—Ç—Å—è –æ—Ç–¥–∞—Ç—å –Ω–∞ —Ä–∞—Å—Ç–µ—Ä–∑–∞–Ω–∏–µ. –ê —Ç–∞–º, –≥–ª—è–¥–∏—à—å, –∏ –¥–æ –≥–ª–∞–≤–Ω–æ–≥–æ –Ω–µ–¥–∞–ª–µ–∫–æ. 
 
–ú—ã —Å–Ω–∞—á–∞–ª–∞ –≤—ã–Ω—É–∂–¥–µ–Ω–Ω–æ, –ø—Ä–∞–≤–¥–∞, —Å –æ—á–µ–Ω—å —Å–∏–ª—å–Ω—ã–º–∏ –æ–≥–æ–≤–æ—Ä–∫–∞–º–∏, –ø—Ä–∏–∑–Ω–∞–ª–∏ –ø–æ—Å–ª–µ–≤–æ–µ–Ω–Ω–æ–µ –Ø–ø–æ–Ω—Å–∫–æ–µ —á—É–¥–æ, –∞ –ø–æ—Ç–æ–º, —É–∂–µ –±–µ–∑–æ –≤—Å—è–∫–∏—Ö –æ–≥–æ–≤–æ—Ä–æ–∫, —Å—Ç–∞–ª–∏ –≤–æ—Å—Ö–∏—â–∞—Ç—å—Å—è —è–ø–æ–Ω—Å–∫–∏–º –≥–µ–Ω–∏–µ–º –∏ —è–ø–æ–Ω—Å–∫–∏–º–∏ –ø—Ä–µ–¥–ø—Ä–∏–∏–º—á–∏–≤–æ—Å—Ç—å—é –∏ —Ç—Ä—É–¥–æ–ª—é–±–∏–µ–º. –°–æ–≤—Å–µ–º –∑–∞–±—ã–≤ –ø—Ä–∏ —ç—Ç–æ–º, —á—Ç–æ —Ä–µ—á—å –∏–¥–µ—Ç –æ –∫–∞–ø–∏—Ç–∞–ª–∏—Å—Ç–∏—á–µ—Å–∫–æ–π —Å—Ç—Ä–∞–Ω–µ, –∫–æ—Ç–æ—Ä–∞—è —Ç–æ–ª—å–∫–æ —á—Ç–æ –±—ã–ª–∞ –º–æ–Ω–∞—Ä—Ö–∏—á–µ—Å–∫–æ–π –∏ –æ—Ç—Å—Ç–∞–≤–∞–ª–∞ –æ—Ç –Ω–∞—Å –≤ –æ–±—â–µ—Å—Ç–≤–µ–Ω–Ω–æ–º —É—Å—Ç—Ä–æ–π—Å—Ç–≤–µ –Ω–∞ —Å—Ç–æ–ª–µ—Ç–∏—è. 
...

–î–≤–∞ —Ñ–∞—à–∏–∑–º–∞ (–Ω–∞—à –∏ —è–ø–æ–Ω—Å–∫–æ-–≥–µ—Ä–º–∞–Ω—Å–∫–∏–π) –ø—Ä–∏–≤–µ–ª–∏ –∫ —Å–æ–≤–µ—Ä—à–µ–Ω–Ω–æ –ø—Ä–æ—Ç–∏–≤–æ–ø–æ–ª–æ–∂–Ω—ã–º —Ä–µ–∑—É–ª—å—Ç–∞—Ç–∞–º. 
 
–ü–æ—á–µ–º—É —Ç–∞–∫–æ–µ —Å–ª—É—á–∏–ª–æ—Å—å? 
 
–ü–æ—á–µ–º—É –º–µ—â–∞–Ω—Å—Ç–≤–æ –≤–∑—è–ª–æ –≤–µ—Ä—Ö —É –Ω–∞—Å? –ü–æ—á–µ–º—É –≤—Å–µ –≥–µ–Ω–∏–∞–ª—å–Ω–æ–µ –±—ã–ª–æ –±–µ–∑–∂–∞–ª–æ—Å—Ç–Ω–æ –∏—Å—Ç—Ä–µ–±–ª–µ–Ω–æ? –Ø –¥–∞–∂–µ –Ω–µ –≥–æ–≤–æ—Ä—é –ø—Ä–æ—Å—Ç–æ –æ —Ñ–∏–∑–∏—á–µ—Å–∫–æ–º —É–Ω–∏—á—Ç–æ–∂–µ–Ω–∏–∏ –ª—é–¥–µ–π. –Ø –∏–º–µ—é –≤ –≤–∏–¥—É —É–Ω–∏—á—Ç–æ–∂–µ–Ω–∏–µ –∏–¥–µ–π, –∫–æ—Ç–æ—Ä—ã–µ –Ω–∞—Å –¥–∞–≤–Ω–æ –±—ã —É–∂–µ –≤—ã–≤–µ–ª–∏ –≤ —Å—Ñ–µ—Ä—ã –Ω–µ–¥–æ—Å—è–≥–∞–µ–º–æ—Å—Ç–∏, –µ—Å–ª–∏ –±—ã –æ–Ω–∏ –±—ã–ª–∏ –æ—Å—É—â–µ—Å—Ç–≤–ª–µ–Ω—ã —Ö–æ—Ç—è –±—ã –Ω–∞ —Ç—Ä–µ—Ç—å. ¬´–ú—ã¬ª –ø—Ä–æ–¥–µ—Ä–∂–∞–ª–∏—Å—å –¥–æ —Ç–æ–≥–æ –º–æ–º–µ–Ω—Ç–∞, –ø–æ–∫–∞ —Å–≤—è–∑—å –≤—Ä–µ–º–µ–Ω –Ω–µ –±—ã–ª–∞ –ø—Ä–µ—Ä–≤–∞–Ω–∞ –æ–∫–æ–Ω—á–∞—Ç–µ–ª—å–Ω–æ. –°—Ç–∞—Ä–∞—è –∏–Ω—Ç–µ–ª–ª–∏–≥–µ–Ω—Ü–∏—è —É–Ω–∏—á—Ç–æ–∂–µ–Ω–∞ –ª–∏–±–æ –≤—ã–º–µ—Ä–ª–∞, –∏–∑–æ–ª–∏—Ä–æ–≤–∞–Ω–Ω–∞—è –æ—Ç –Ω–∞—Ä–æ–¥–∞. –ò –≤ —ç—Ç–æ–º –≤–∏–¥–∏—Ç—Å—è –∑–ª–æ–≤–µ—â–∞—è –ø–æ—Å—Ç—É–ø–∞—Ç–µ–ª—å–Ω–æ—Å—Ç—å —Ä–µ–≤–æ–ª—é—Ü–∏–∏, –∞ –Ω–µ –æ—Ç—Å—Ç—É–ø–ª–µ–Ω–∏–µ –æ—Ç –Ω–µ–µ. 
 
–¢–µ–ø–µ—Ä—å –º—ã —Å–ø–æ–∫–æ–π–Ω–æ –ø—Ä–∏—Å—Ç—É–ø–∞–µ–º –∫ –≤–æ—Å–∫—Ä–µ—à–µ–Ω–∏—é, –ø–æ –§–µ–¥–æ—Ä–æ–≤—É, –ø–æ—Ä—É–≥–∞–Ω–Ω—ã—Ö –ø—Ä–µ–¥–∫–æ–≤. –ù–æ –≤–æ—Å–∫—Ä–µ—à–∞—Ç—å –ø–æ—Ä—É—á–µ–Ω–æ –Ω–µ –ø—Ä–µ–µ–º–Ω–∏–∫–∞–º, –∏–±–æ –æ–Ω–∏ —Ç–æ–∂–µ –Ω–∞ —É—Ö–æ–¥–µ. –ò –≤–æ—Å–∫—Ä–µ—à–µ–Ω–∏–µ –±—É–¥–µ—Ç –≤ –¥–æ–ª–µ —Å –ó–∞–ø–∞–¥–æ–º. 
 
¬´–û—Ö–æ—Ç–∞ –Ω–∞ –≤–µ–¥—å–º¬ª. –°—Ç–∞–ª–∏–Ω–∏–∑–º –∏ –º–∞–∫–∫–∞—Ä—Ç–∏–∑–º. –ù–µ –±—ã–ª–æ –ª–∏ –≤—Ç–æ—Ä–æ–µ —Å–ø—Ä–æ–≤–æ—Ü–∏—Ä–æ–≤–∞–Ω–æ –ø–µ—Ä–≤—ã–º? –ö–∞–∫ –±—ã–ª–∞ –ø—Ä–µ–¥–∞–Ω–∞ –ï–≤—Ä–æ–ø–∞ –ì–∏—Ç–ª–µ—Ä—É. 
 
–ú–∞–∫–∫–∞—Ä—Ç–∏–∑–º –±—ã–ª —Å–ø—Ä–æ–≤–æ—Ü–∏—Ä–æ–≤–∞–Ω —Å –Ω–∞—à–µ–≥–æ –±–µ—Ä–µ–≥–∞. –†–µ–≤–æ–ª—é—Ü–∏–æ–Ω–Ω–æ–µ –∏ –ø—Ä–æ—Ñ—Å–æ—é–∑–Ω–æ–µ –¥–≤–∏–∂–µ–Ω–∏–µ –≤ –°–®–ê –±—ã–ª–æ —Ä–∞–∑–≥—Ä–æ–º–ª–µ–Ω–æ —Å –Ω–∞—à–µ–π –ª–µ–≥–∫–æ–π —Ä—É–∫–∏ –∏ —Å –Ω–∞—à–µ–π –ø–µ—Ä–µ—Å–∫–∞–∑–∫–∏. 
 
–° –æ–¥–Ω–æ–π —Å—Ç–æ—Ä–æ–Ω—ã, –Ω–∞—á–∏–Ω–∞–µ—à—å –ø–æ–Ω–∏–º–∞—Ç—å, —á—Ç–æ —Å–∏—Å—Ç–µ–º–∞ ¬´–Ω–∞—Ä–æ–¥–Ω–æ–≥–æ —Ü–∞—Ä—è¬ª (–≥–µ–Ω–µ—Ä–∞–ª—å–Ω–æ–≥–æ —Å–µ–∫—Ä–µ—Ç–∞—Ä—è) ‚Äì —ç—Ç–æ –∫–∞–∫–∞—è-—Ç–æ –∑–ª–æ–≤–µ—â–∞—è –ª–æ—Ç–µ—Ä–µ—è. –î–æ–±—Ä—ã–π –∏–ª–∏ –∑–ª–æ–π? –£–º–Ω—ã–π –∏–ª–∏ –¥—É—Ä–∞–∫? –ö–∞–∫–æ–π –Ω–∞ —ç—Ç–æ—Ç —Ä–∞–∑ –ø–æ–ø–∞–¥–∞–µ—Ç—Å—è? –ö–∞–∫–∏—Ö –Ω–∞–º–µ—Å—Ç–Ω–∏–∫–æ–≤ –ø–æ—Å—Ç–∞–≤–∏—Ç –Ω–∞ –º–µ—Å—Ç–∞—Ö? –ò —Ç.–¥. 
 
–° –¥—Ä—É–≥–æ–π ‚Äì –Ω–∞—á–∏–Ω–∞–µ—à—å –ø–æ–Ω–∏–º–∞—Ç—å –∑–∞–∫–æ–Ω–æ–º–µ—Ä–Ω–æ—Å—Ç–∏ —Ç–∞–∫ –Ω–∞–∑—ã–≤–∞–µ–º–æ–π —Å–∏—Å—Ç–µ–º—ã —Å–æ—Ü–∏–∞–ª–∏–∑–º–∞, –∫–æ—Ç–æ—Ä–∞—è –≤—ã—Ä–∏—Å–æ–≤—ã–≤–∞–µ—Ç—Å—è —Ç–æ–∂–µ –æ—á–µ–Ω—å –ø—Ä–∏–º–∏—Ç–∏–≤–Ω–æ–π –∏ –æ—á–µ–Ω—å –∑–ª–æ–≤–µ—â–µ–π. –ò –≤ –¥–µ–ª–∞—Ö –º–µ–∂–¥—É–Ω–∞—Ä–æ–¥–Ω—ã—Ö –æ—Å–æ–±–µ–Ω–Ω–æ. 
 
–¢–æ—Ç –º–∏—Ä, –∫–æ—Ç–æ—Ä—ã–π –º—ã –∏–º–µ–µ–º —Å–µ–π—á–∞—Å, ‚Äì —ç—Ç–æ –ø–æ –Ω–∞—à–µ–π –º–∏–ª–æ—Å—Ç–∏. –ù–µ–Ω–∞–≤–∏—Å—Ç—å, –Ω–µ—Ç–µ—Ä–ø–∏–º–æ—Å—Ç—å, –ø—Å–∏—Ö–∏—á–µ—Å–∫–∞—è –Ω–µ—É—Ä–∞–≤–Ω–æ–≤–µ—à–µ–Ω–Ω–æ—Å—Ç—å, –∏–¥–µ–æ–ª–æ–≥–∏—á–µ—Å–∫–æ–µ –ø–æ–º–µ—à–∞—Ç–µ–ª—å—Å—Ç–≤–æ –∏ –¥–æ–∫—Ç—Ä–∏–Ω—ã –æ—á–µ–Ω—å –¥–∞–ª–µ–∫–∏–µ –æ—Ç —Ä–µ–∞–ª—å–Ω–æ—Å—Ç–∏ ‚Äì –≤—Å–µ —ç—Ç–æ –≤–æ–∑–Ω–∏–∫–ª–æ –æ—Ç –Ω–∞—à–µ–≥–æ –¥–∞–≤–ª–µ–Ω–∏—è –Ω–∞ –º–∏—Ä. –ò –≤–æ—Ç, –Ω–∞–∫–æ–Ω–µ—Ü, –º—ã –ø—Ä–∏–≤–µ–ª–∏ –º–∏—Ä –Ω–∞ –≥—Ä–∞–Ω—å –∫–∞—Ç–∞—Å—Ç—Ä–æ—Ñ—ã, –≥–∏–±–µ–ª–∏. –û–¥–∏–Ω –Ω–µ–≤–µ—Ä–Ω—ã–π —à–∞–≥ ‚Äì –∏ –∂–∏–∑–Ω—å –Ω–∞ –∑–µ–º–ª–µ –∏—Å—á–µ–∑–Ω–µ—Ç. 
 
–ú—ã –ø–æ–º–æ–≥–ª–∏ —Ñ–∞—à–∏—Å—Ç–∞–º –æ–ø—É—Å—Ç–æ—à–∏—Ç—å –ï–≤—Ä–æ–ø—É, –∫–∏—Ç–∞–π—Ü–∞–º ‚Äì –ê–∑–∏—é. –ú—ã –Ω–µ –¥—É–º–∞–ª–∏ –æ –ª—é–¥—è—Ö, –º—ã –Ω–µ –≤–µ—Ä–∏–ª–∏ –≤ –ª—é–¥–µ–π. –ù–∞—à –∏–¥–µ–∞–ª ‚Äì —Å—Ç–∞–¥–æ. –ò –≤ –¥–æ–≤–µ—Ä—à–µ–Ω–∏–µ –≤—Å–µ–≥–æ –ø–æ—Å—Ç—Ä–æ–∏–ª–∏ —Ö—É–¥—à–∏–π –∏–∑ –≤–∞—Ä–∏–∞–Ω—Ç–æ–≤ —á–µ–ª–æ–≤–µ—á–µ—Å–∫–æ–≥–æ –æ–±—â–µ–∂–∏—Ç–∏—è. 
 
–ò –¥–æ —Å–∏—Ö –ø–æ—Ä –æ—Ö–æ—Ç–∏–º—Å—è –∑–∞ –≤–µ–¥—å–º–∞–º–∏. –ò –≤—Å–µ —ç—Ç–æ –≤ –∏–Ω—Ç–µ—Ä–µ—Å–∞—Ö —Å–∞–º–æ–≥–æ –º–∞–ª–æ–≥–æ –º–µ–Ω—å—à–∏–Ω—Å—Ç–≤–∞, –∫–æ—Ç–æ—Ä–æ–µ –ø–æ —É–º—Å—Ç–≤–µ–Ω–Ω–æ–º—É —Ä–∞–∑–≤–∏—Ç–∏—é –ø—Ä–µ–¥—Å—Ç–∞–≤–ª—è–µ—Ç –ø–æ–¥–∞–≤–ª—è—é—â–µ–µ –±–æ–ª—å—à–∏–Ω—Å—Ç–≤–æ. 
 
–í–µ–ª–∏–∫–∏–π —Ö—É–¥–æ–∂–Ω–∏–∫ –∏ –≤ —Ç–æ –∂–µ –≤—Ä–µ–º—è —Ö–ª—é–ø–∏–∫-–Ω–µ–ø—Ä–æ—Ç–∏–≤–ª–µ–Ω–µ—Ü –õ–µ–≤ –¢–æ–ª—Å—Ç–æ–π‚Ä¶ –í–µ–ª–∏–∫–∏–π –º–∞—Å—Ç–µ—Ä –∏ —Å–º—Ä–∞–¥–Ω—ã–π —Ä–µ–∞–∫—Ü–∏–æ–Ω–µ—Ä-—á–µ—Ä–Ω–æ—Å–æ—Ç–µ–Ω–µ—Ü –î–æ—Å—Ç–æ–µ–≤—Å–∫–∏–π‚Ä¶ 
 
–°–æ —à–∫–æ–ª—å–Ω–æ–π —Å–∫–∞–º—å–∏ –≤—Ö–æ–¥–∏–ª–∏ –≤ –Ω–∞—Å —ç—Ç–∏ –Ω–µ—Å–æ–≤–º–µ—Å—Ç–∏–º—ã–µ –ø–æ–Ω—è—Ç–∏—è –µ—Å—Ç–µ—Å—Ç–≤–µ–Ω–Ω–æ–≥–æ –∫–∞–∫ –¥–∞–Ω–Ω–æ—Å—Ç—å –∏ –¥–∞–∂–µ –±—É–¥–∏–ª–∏ –≤ –Ω–∞—à–µ–º –¥–µ—Ç—Å–∫–æ–º —Å–æ–∑–Ω–∞–Ω–∏–∏ —á—É–≤—Å—Ç–≤–æ –≤—Ä–æ–∂–¥–µ–Ω–Ω–æ–≥–æ –ø—Ä–µ–≤–æ—Å—Ö–æ–¥—Å—Ç–≤–∞. –ú—ã —Å –º–ª–∞–¥—ã—Ö –Ω–æ–≥—Ç–µ–π –≤—ã—Ä–∞—â–∏–≤–∞–ª–∏—Å—å –º–æ–≥–∏–ª—å—â–∏–∫–∞–º–∏ —Ä—É—Å—Å–∫–æ–π –¥—É—Ö–æ–≤–Ω–æ—Å—Ç–∏, –æ—Å–∫–≤–µ—Ä–Ω–∏—Ç–µ–ª—è–º–∏ —Å–≤—è—Ç—ã–Ω—å. 
 
–ù–∞–º –Ω–µ –Ω—É–∂–Ω–æ –±—ã–ª–æ –∑–Ω–∞—Ç—å, —á—Ç–æ —Ä–µ–≤–æ–ª—é—Ü–∏—è, —Å–æ–≤–µ—Ä—à–µ–Ω–Ω–∞—è –≤ —Å–æ—Å–µ–¥–Ω–µ–π –≤–µ–ª–∏–∫–æ–π –ò–Ω–¥–∏–∏ –ø–æ–¥ –ø—Ä–µ–¥–≤–æ–¥–∏—Ç–µ–ª—å—Å—Ç–≤–æ–º –ì–∞–Ω–¥–∏, –≤–æ –º–Ω–æ–≥–æ–º –≤–¥–æ—Ö–Ω–æ–≤–ª—è–ª–∞—Å—å –∏–¥–µ—è–º–∏ –¢–æ–ª—Å—Ç–æ–≥–æ. –î–∞ –º–∞–ª–æ –ª–∏ –º–æ–∂–Ω–æ –Ω–∞–∫–∏–¥–∞—Ç—å —Å–µ–π—á–∞—Å –ø–æ–¥—Ä–æ–±–Ω–æ—Å—Ç–µ–π –Ω–∞—à–µ–π –∂–∏–∑–Ω–∏, –Ω–∞—à–µ–≥–æ –ø–∞–¥–µ–Ω–∏—è, —á—Ç–æ–±—ã –¥–æ–≤–µ—Å—Ç–∏ —Å–µ–±—è –¥–æ —ç–∫—Å—Ç–∞–∑–∞ –ø–æ–∫–∞—è–Ω–∏—è (–ø–µ—Ä–µ–¥ –∫–µ–º?! –ø–µ—Ä–µ–¥ —á–µ–º?!) –∏ –¥–æ —Å–∞–º–æ–≥–æ —É–Ω–∏—á—Ç–æ–∂–µ–Ω–∏—è. 
 
–°—Ç–∞–ª–∏–Ω —Ç–∞–∫ –∏ –Ω–µ —Å–º–æ–≥ –∑–∞–≥–ª–æ—Ç–∏—Ç—å –í–µ—Ä–Ω–∞–¥—Å–∫–æ–≥–æ, —É–Ω–∏—á—Ç–æ–∂–∏—Ç—å –µ–≥–æ, –ø—Ä–µ–¥–≤–∞—Ä–∏—Ç–µ–ª—å–Ω–æ —É–Ω–∏–∑–∏–≤, –∫–∞–∫ –æ–Ω –ø—Ä–æ–¥–µ–ª—ã–≤–∞–ª –æ–±—ã—á–Ω–æ. –û–Ω –Ω–µ —Ç—Ä–æ–Ω—É–ª –∏ –°—Ç–∞–Ω–∏—Å–ª–∞–≤—Å–∫–æ–≥–æ, –¥–∞–≤ –µ–º—É —É–º–µ—Ä–µ—Ç—å —Å–≤–æ–µ–π —Å–º–µ—Ä—Ç—å—é. –°—Ç–∞–ª–∏–Ω, –∫–∞–∑–∞–ª–æ—Å—å –±—ã, —Ç–∞–∫ –∏ –Ω–µ —É–Ω–∏—á—Ç–æ–∂–∏–ª –†—É—Å—Å–∫–æ–π –ò–¥–µ–∏. –ù–æ —ç—Ç–æ —Ç–æ–ª—å–∫–æ –∫–∞–∂–µ—Ç—Å—è. –ï–º—É —É–¥–∞–ª–æ—Å—å –ø–æ—Ä–≤–∞—Ç—å —Å–≤—è–∑—å –≤—Ä–µ–º–µ–Ω. –û–Ω –≤—ã–º–æ—Ä–∏–ª —Ä—É—Å—Å–∫—É—é –∏–Ω—Ç–µ–ª–ª–∏–≥–µ–Ω—Ü–∏—é, –æ–Ω –ø–æ–¥–º–µ–Ω–∏–ª —ç–Ω—Ü–∏–∫–ª–æ–ø–µ–¥–∏—á–Ω–æ—Å—Ç—å —Ä—É—Å—Å–∫–æ–≥–æ –ø—Ä–æ—Å–≤–µ—â–µ–Ω–∏—è –æ–±—ã—á–Ω—ã–º –ª–∏–∫–±–µ–∑–æ–º –∏ –∑–∞—É—á–∏–≤–∞–Ω–∏–µ–º –º–∞—Ä–∫—Å–∏—Å—Ç—Å–∫–∏—Ö –¥–æ–≥–º. –°–ø–∞—Å–µ–Ω–∏–µ –†—É—Å—Å–∫–æ–π –ò–¥–µ–∏ (–∏ —Ä—É—Å—Å–∫–æ–π –∫—É–ª—å—Ç—É—Ä—ã –≤ —Ü–µ–ª–æ–º) —è –≤–∏–∂—É –≤ —Ç–æ–º, —á—Ç–æ –æ–Ω–∞ –≤—Å–µ–≥–¥–∞ —Ä–∞—Å–ø–æ–ª–∞–≥–∞–ª–∞—Å—å –Ω–∞ –ø—É—Ç—è—Ö –æ—Ç–∫—Ä—ã—Ç–∏–π –∑–∞–∫–æ–Ω–æ–≤ –ø—Ä–∏—Ä–æ–¥—ã –∏ –∑–∞–∫–æ–Ω–æ–≤ –¥–µ–π—Å—Ç–≤–∏—Ç–µ–ª—å–Ω–æ–≥–æ –æ–±—â–µ–∂–∏—Ç–∏—è. –ù–æ —á—Ç–æ–±—ã —Å–æ–±—Ä–∞—Ç—å —Ä–∞–∑–æ—Ä–≤–∞–Ω–Ω—ã–µ –∏ —Ä–∞–∑–±—Ä–æ—Å–∞–Ω–Ω—ã–µ –∑–∞–∫–æ–Ω—ã, –ø–æ—Ç—Ä–µ–±—É–µ—Ç—Å—è –µ—â–µ –ª–µ—Ç 50. –°—Ç–∞–ª–∏–Ω (–∫–æ–Ω–µ—á–Ω–æ –∂–µ, –Ω–µ –æ–Ω –æ–¥–∏–Ω!) —Å–¥–µ–ª–∞–ª –≤—Å–µ, —á—Ç–æ–±—ã –≤—ã–∏–≥—Ä–∞—Ç—å –≤—Ä–µ–º—è –¥–ª—è –ø–∞—Ä—Ç–∏–∏. 
 
–í–∞–≤–∏–ª–æ–≤ —Å–∞–º –≤—ã–¥–≤–∏–Ω—É–ª –∏ –ø–æ–¥–¥–µ—Ä–∂–∞–ª, –ø—Ä–æ–¥–≤–∏–≥–∞–ª –¢—Ä–æ—Ñ–∏–º–∞ –õ—ã—Å–µ–Ω–∫–æ. 
 
–ú—ã —É–∂–µ –ø—Ä–∏–≤—ã–∫–ª–∏ –∫ –∏—Ö –ø—Ä–∏—Å—É—Ç—Å—Ç–≤–∏—é –ø—Ä–∏ —Å–∞–º—ã—Ö —Å–æ–∫—Ä–æ–≤–µ–Ω–Ω—ã—Ö —Ä–∞–∑–≥–æ–≤–æ—Ä–∞—Ö, –∫–∞–∫ –∑–∞–∫–ª—é—á–µ–Ω–Ω—ã–µ –ø—Ä–∏–≤—ã–∫–∞—é—Ç –∫ –æ—Ö—Ä–∞–Ω–Ω–∏–∫–∞–º –≤–æ –≤—Ä–µ–º—è —Å–≤–∏–¥–∞–Ω–∏–π —Å —Ä–æ–¥—Å—Ç–≤–µ–Ω–Ω–∏–∫–∞–º–∏. 
 
–ß—Ç–æ —ç—Ç–æ? –ß—Ç–æ –±—ã —ç—Ç–æ –∑–Ω–∞—á–∏–ª–æ? –≠—Ç–æ –∏ –µ—Å—Ç—å –Ω–∞—à–∞ —Å–∏—Å—Ç–µ–º–∞? –ò —ç—Ç–æ –∏ –µ—Å—Ç—å —Ç–æ—Ç –Ω–µ–æ–±—Ä–∞—Ç–∏–º—ã–π –ø–µ—Ä–µ–≤–æ—Ä–æ—Ç, –∫–æ—Ç–æ—Ä—ã–π —Å –Ω–∞–º–∏ –ø—Ä–æ–∏–∑–æ—à–µ–ª? 
 
–ú—ã –≤ –ø–ª–µ–Ω—É —É –ø–æ—Å—Ä–µ–¥—Å—Ç–≤–µ–Ω–Ω–æ—Å—Ç–∏, –º—ã –µ–µ –∑–∞–ª–æ–∂–Ω–∏–∫–∏. –ú—ã –¥–æ–ª–∂–Ω—ã –ø–µ—Ä–µ–¥ –Ω–µ–π –æ—Ç—á–∏—Ç—ã–≤–∞—Ç—å—Å—è, –º—ã –¥–æ–ª–∂–Ω—ã, –∫–∞–∫ —Å—Å—ã–ª—å–Ω—ã–µ, –µ–∂–µ–¥–Ω–µ–≤–Ω–æ –æ—Ç—á–∏—Ç—ã–≤–∞—Ç—å—Å—è. –ò –ø–ª–∞—Ç–∏—Ç—å –æ–≥—Ä–æ–º–Ω–æ–µ —Å–æ–¥–µ—Ä–∂–∞–Ω–∏–µ –ª–∞–≥–µ—Ä–Ω–æ–π –æ–±—Å–ª—É–≥–µ –∑–∞ —Ç–æ, —á—Ç–æ –æ–Ω–∏ —Ç–µ–±—è –æ—Ö—Ä–∞–Ω—è—é—Ç, –±–¥—è—Ç. 
 
–ö—Å—Ç–∞—Ç–∏, —ç—Ç–æ –∏–∑-–∑–∞ –Ω–∏—Ö, –∏–∑-–∑–∞ —ç—Ç–æ–π –ª–∞–≥–µ—Ä–Ω–æ–π –æ–±—Å–ª—É–≥–∏, –≥–Ω–∏–µ—Ç –º–∏–ª–ª–∏–æ–Ω–Ω–∞—è –ø–µ—Ä–µ–¥–æ–≤–∞—è —Ç–µ—Ö–Ω–æ–ª–æ–≥–∏—è –Ω–∞ —É–ª–∏—Ü–µ, –≤–æ –¥–≤–æ—Ä–∞—Ö. –û–±—Å–ª—É–≥–∞ —Ä–∞—Å–∫—É—Å–∏–ª–∞ –∑–∞–≥–æ–≤–æ—Ä –ø—Ä–æ—Ç–∏–≤ —Å–µ–±—è. ¬´–•–æ—Ç—è—Ç, –º–æ–ª, –ø–æ–π–º–∞—Ç—å –Ω–∞—Å –Ω–∞ –±–µ–∑–¥–∞—Ä–Ω–æ—Å—Ç–∏, –Ω–∞ –æ—Ç—Å—Ç–∞–ª–æ—Å—Ç–∏. –ê –ø–æ—Ç–æ–º –∏–∑–±–∞–≤–∏—Ç—å—Å—è –æ—Ç –Ω–∞—Å. –ù–µ –≤—ã–π–¥–µ—Ç!¬ª 
 
–ò–Ω–æ–≥–¥–∞ –∏–∑ –≤—Ä–æ–∂–¥–µ–Ω–Ω–æ–≥–æ –æ–ø—Ç–∏–º–∏–∑–º–∞ —Ö–æ—á–µ—Ç—Å—è –¥—É–º–∞—Ç—å, —á—Ç–æ —Ç–∞–∫ —Å–ª—É—á–∏–ª–æ—Å—å —Ç–æ–ª—å–∫–æ –≤ —Ç–µ–∞—Ç—Ä–µ, —Ç–æ–ª—å–∫–æ –≤ –∏—Å–∫—É—Å—Å—Ç–≤–µ. 
 
–ú–µ–Ω—è –Ω–∞—Å—Ç–æ—Ä–∞–∂–∏–≤–∞—é—Ç —Ä–∞–∑–≥–æ–≤–æ—Ä—ã –æ –ø–µ—Ä–µ—Å—Ç—Ä–æ–π–∫–µ, –±–æ–¥—Ä—è—á–µ—Å–∫–æ–µ –Ω–∞—Å—Ç—Ä–æ–µ–Ω–∏–µ –ø–µ—Ä–µ–¥ –ø–∞—Ä—Ç–∏–π–Ω–æ–π –∫–æ–Ω—Ñ–µ—Ä–µ–Ω—Ü–∏–µ–π, —Ä–∞–∑–≥–ª–∞–≥–æ–ª—å—Å—Ç–≤–æ–≤–∞–Ω–∏—è —Å –±—é—Ä–æ–∫—Ä–∞—Ç–∏–µ–π –∏ —Å–º–µ–ª—ã–µ —Ä–∞–∑–æ–±–ª–∞—á–µ–Ω–∏—è –æ—Ä–≥–∞–Ω–∏–∑–æ–≤–∞–Ω–Ω–æ–π –ø—Ä–µ—Å—Ç—É–ø–Ω–æ—Å—Ç–∏ –∏ —Ç.–¥. 
 
–ñ–µ–ª–∞–Ω–∏–µ —É–ª—É—á—à–∏—Ç—å, –º–æ–¥–µ—Ä–Ω–∏–∑–∏—Ä–æ–≤–∞—Ç—å –∞–ø–ø–∞—Ä–∞—Ç –ø–æ–¥–∞–≤–ª–µ–Ω–∏—è, —É–Ω–∏—á—Ç–æ–∂–µ–Ω–∏—è –∏ —É–Ω–∏–∂–µ–Ω–∏—è ‚Äì –æ–ø—è—Ç—å —á—Ç–æ-—Ç–æ –±–µ—Å–æ–≤—Å–∫–æ–µ –Ω–∞–∫–∞—Ç—ã–≤–∞–µ—Ç—Å—è –Ω–∞ –º–æ–π –Ω–∞—Ä–æ–¥ –∏ –Ω–∞ –¥—Ä—É–≥–∏–µ –Ω–∞—Ä–æ–¥—ã. 
 
–ú—ã –Ω–∏–∫–∞–∫ –Ω–µ —Ö–æ—Ç–∏–º –ø–æ–Ω—è—Ç—å —Å—Ç–µ–ø–µ–Ω—å —Å–æ–±—Å—Ç–≤–µ–Ω–Ω–æ–≥–æ –ø–∞–¥–µ–Ω–∏—è –∏ –º–∞—Å—à—Ç–∞–±—ã –∫–∞—Ç–∞—Å—Ç—Ä–æ—Ñ—ã, –æ–±—Ä—É—à–∏–≤—à–µ–π—Å—è –Ω–∞ –Ω–∞—Ä–æ–¥—ã. 
 
–Ø, –Ω–∞–≤–µ—Ä–Ω–æ–µ, –Ω–∏–∫–æ–≥–¥–∞ –Ω–µ –∑–∞—Å—è–¥—É –∑–∞ –ø–æ–¥—Ä–æ–±–Ω—É—é –∏—Å—Ç–æ—Ä–∏—é —Å–≤–æ–µ–≥–æ —Ä–æ–¥–∞. –ù–µ –ø–æ—Ç–æ–º—É, —á—Ç–æ –Ω–µ—Ç –∏–Ω—Ç–µ—Ä–µ—Å–∞ –∫ —ç—Ç–æ–º—É –∏–ª–∏ —Å—Ç—ã–¥–Ω–æ —Ä–∞—Å—Å–∫–∞–∑—ã–≤–∞—Ç—å –ø–æ –∫–∞–∫–æ–π-—Ç–æ –ø—Ä–∏—á–∏–Ω–µ. –£ –∫–∞–∂–¥–æ–≥–æ —á–µ–ª–æ–≤–µ–∫–∞ –∫–∞–∫–∏–µ-—Ç–æ —Ç–∞–∏–Ω—Å—Ç–≤–µ–Ω–Ω—ã–µ —Å–≤—è–∑–∏ –∏ —Å—á–µ—Ç—ã —Å–æ —Å–≤–æ–∏–º —Ä–æ–¥–æ–º. –£ –º–µ–Ω—è ‚Äì —Ç–µ–∞—Ç—Ä–∞–ª—å–Ω—ã–µ, —Å–∫–æ–º–æ—Ä–æ—à—å–∏. –ò–ª–∏ —à–∏—Ä–µ ‚Äì —Ö—É–¥–æ–∂–µ—Å—Ç–≤–µ–Ω–Ω—ã–µ, —Å–≤–æ–±–æ–¥–Ω—ã–µ. –ü–æ—á–µ–º—É? –ü–æ–∫–∞ –Ω–µ –∑–Ω–∞—é. –î–æ–≥–∞–¥—ã–≤–∞—é—Å—å. –í–∑–∞–∏–º–æ–æ—Ç–Ω–æ—à–µ–Ω–∏—è —Å —Ä–æ–¥–æ–º, —Å –∏—Å—Ç–æ—Ä–∏–µ–π —É —á–µ–ª–æ–≤–µ–∫–∞ —Ç–∞–∏–Ω—Å—Ç–≤–µ–Ω–Ω—ã–µ, –∏–Ω—Ç–∏–º–Ω—ã–µ. –û–Ω–∏ –µ—Å—Ç—å! –ù–æ –æ –Ω–∏—Ö –Ω–µ –ø—Ä–∏–Ω—è—Ç–æ –≥–æ–≤–æ—Ä–∏—Ç—å, –∫–∞–∫ –Ω–µ –ø—Ä–∏–Ω—è—Ç–æ —Ä–∞—Å—Å–∫–∞–∑—ã–≤–∞—Ç—å –æ –ø–æ–¥—Ä–æ–±–Ω–æ—Å—Ç—è—Ö –ø–æ–ª–æ–≤–æ–π –∂–∏–∑–Ω–∏. –î–∞ –∏ 70 –ª–µ—Ç –∂–∏–∑–Ω–∏ –ø–æ–¥ –∫–æ–º–º—É–Ω–∏—Å—Ç–∞–º–∏ –¥–∞—é—Ç –æ —Å–µ–±–µ –∑–Ω–∞—Ç—å. –ù–∞—Ä—É—à–µ–Ω—ã —Å–µ–º–µ–π–Ω—ã–µ, —Ä–æ–¥–æ–≤—ã–µ —Å–≤—è–∑–∏ –ª—é–¥–µ–π. –°—Ç–∞–ª–æ –±—ã—Ç—å, –∏—Å—Ç—Ä–µ–±–ª–µ–Ω—ã –∏—Å—Ç–æ—Ä–∏—á–µ—Å–∫–∏–µ —Å–≤—è–∑–∏. –£ —Ä–∞–±–æ–≤ –Ω–µ—Ç –∏—Å—Ç–æ—Ä–∏–∏. –ò –Ω–µ –º–æ–∂–µ—Ç –±—ã—Ç—å. –ù–æ –∏ —É –ø–∞–ª–∞—á–µ–π –æ–Ω–∞ –∏—Å—Ç–æ–Ω—á–∞–µ—Ç—Å—è, —É—Ö–æ–¥–∏—Ç –≤ –ø–µ—Å–æ–∫. –¶–∏–≤–∏–ª–∏–∑–∞—Ü–∏–∏ –≥–∏–±–Ω—É—Ç –ø–æ—ç—Ç–æ–º—É. –ñ–µ–ª–∞–Ω–∏–µ –≤–æ—Å—Å—Ç–∞–Ω–æ–≤–∏—Ç—å —Ä–æ–¥–æ–≤—ã–µ —Å–≤—è–∑–∏ ‚Äì —ç—Ç–æ –ø–µ—Ä–≤—ã–π —à–∞–≥ –∫ —Å–≤–æ–±–æ–¥–µ. –ë–æ–ª—å—à—É—é —á–∞—Å—Ç—å –∂–∏–∑–Ω–∏ —è –ø—Ä–æ–∂–∏–ª –≤ —Ä–∞–±—Å—Ç–≤–µ, –≤ –ø–æ–ª–Ω–æ–º –±–µ—Å–ø—Ä–∞–≤–∏–∏. –Ø –Ω–µ –±—ã–ª —Ä–µ–ø—Ä–µ—Å—Å–∏—Ä–æ–≤–∞–Ω, –Ω–æ –≤–µ–¥—å –ë—Ä–µ–∂–Ω–µ–≤ –ø—Ä–∏–Ω—è–ª (–∏ –¥–æ–≤–µ–ª –¥–æ –ª–æ–≥–∏—á–µ—Å–∫–æ–≥–æ –∫—Ä–∞—Ö–∞) —Å—Ç—Ä–∞–Ω—É-–∫–æ–Ω—Ü–ª–∞–≥–µ—Ä—å. –û—Ö—Ä–∞–Ω–∞ –∏ –∫–∞–ø–æ –æ—Ç–∫—Ä—ã—Ç–æ –≥—É–ª—è–ª–∏ –Ω–∞ –≥–ª–∞–∑–∞—Ö —É –≤—Å–µ—Ö. –ò —è —Å–ø–æ–Ω—Ç–∞–Ω–Ω–æ –Ω–∞—á–∞–ª –≤–æ—Å—Å—Ç–∞–Ω–∞–≤–ª–∏–≤–∞—Ç—å —Ä–æ–¥–æ–≤—ã–µ —Å–≤—è–∑–∏ –µ–¥–∏–Ω—Å—Ç–≤–µ–Ω–Ω—ã–º –≤–æ–∑–º–æ–∂–Ω—ã–º —Å–ø–æ—Å–æ–±–æ–º ‚Äì —Ç–µ–∞—Ç—Ä–∞–ª—å–Ω—ã–º. –í –∞–Ω–∫–µ—Ç–µ –ø–∏—Å–∞–ª–æ—Å—å –¥—Ä—É–≥–æ–µ. –ö–∞–∫ —É –≤—Å–µ—Ö ‚Äì –Ω–µ–ø—Ä–∞–≤–¥–∞. 
 
–ò–¥–µ–æ–ª–æ–≥–∏—è —Ä–∞–∑—Ä—É—à–∞–µ—Ç –Ω–æ–æ—Å—Ñ–µ—Ä—É. –ò –≤—Å–µ–≥–¥–∞ —Ä–∞–∑—Ä—É—à–∞–ª–∞. –ù–æ –ø–æ–∫–∞ –æ–Ω–∞, –∏–¥–µ–æ–ª–æ–≥–∏—è, –æ—Ä—É–¥–æ–≤–∞–ª–∞ –≤ –≤—ã—Å—à–∏—Ö —Å–ª–æ—è—Ö –æ–±—â–µ—Å—Ç–≤–∞, –æ–ø–∞—Å–Ω–æ—Å—Ç—å, –∏—Å—Ö–æ–¥—è—â–∞—è –æ—Ç –Ω–µ–µ, –Ω–µ –∑–∞–º–µ—á–∞–ª–∞—Å—å. –ö–∞–∫ —Ç–æ–ª—å–∫–æ –≤ –∏–¥–µ–æ–ª–æ–≥–∏—á–µ—Å–∫—É—é –≤–æ–π–Ω—É –≤–æ–≤–ª–µ–∫–∞—é—Ç—Å—è –º–∞—Å—Å—ã, –Ω–æ–æ—Å—Ñ–µ—Ä–∞ –Ω–∞—á–∏–Ω–∞–µ—Ç —Ä–∞–∑—Ä—É—à–∞—Ç—å—Å—è. –õ—é–¥–µ–π, –∏—Ö —ç–Ω–µ—Ä–≥–∏—é —Å—Ä—ã–≤–∞—é—Ç —Å –º–µ—Å—Ç–∞, –±—Ä–æ—Å–∞—é—Ç –≤ –ø—Ä–æ—Ä—ã–≤ —Ç–∞–º, –≥–¥–µ –ø–æ–¥–∫–ª—é—á–∞—Ç—å –ª—é–¥—Å–∫—É—é —ç–Ω–µ—Ä–≥–∏—é –±–µ—Å—Å–º—ã—Å–ª–µ–Ω–Ω–æ. 
 
–ê—Ñ–≥–∞–Ω—Ü—ã, –±—Ä—è—Ü–∞—è –∫–æ–ª–æ–Ω–∏–∑–∞—Ç–æ—Ä—Å–∫–∏–º –æ—Ä—É–∂–∏–µ–º —É —Å–µ–±—è –Ω–∞ —Ä–æ–¥–∏–Ω–µ, –æ–±–µ—Å–∫—Ä–æ–≤–ª–∏–≤–∞—é—Ç, –æ–±–µ—Å—Å–∏–ª–∏–≤–∞—é—Ç –µ–µ –±–µ—Å—Å–º—ã—Å–ª–µ–Ω–Ω—ã–º–∏ –∑–∞–≤–æ–µ–≤–∞—Ç–µ–ª—å—Å–∫–∏–º–∏ –ø—Ä–∏–∑—ã–≤–∞–º–∏ –∫ –ø–∞—Ç—Ä–∏–æ—Ç–∏–∑–º—É, –∫ –∑–∞—â–∏—Ç–µ –∏–¥–µ–π —Å–æ—Ü–∏–∞–ª–∏–∑–º–∞ –∏ –∫–æ–º–º—É–Ω–∏–∑–º–∞ –æ—Ç –ø—Ä–æ–∏—Å–∫–æ–≤ –∏–º–ø–µ—Ä–∏–∞–ª–∏–∑–º–∞. –ö–∞–∫ —ç—Ç–æ —Å—Ç–∞—Ä–æ! –û–¥–Ω–æ –∫ –æ–¥–Ω–æ–º—É ‚Äì —Ä–µ–ª–∏–≥–∏–æ–∑–Ω—ã–µ –≤–æ–π–Ω—ã, –∫—Ä–æ–≤–∞–≤—ã–µ –ø–æ—Ö–æ–¥—ã –∫—Ä–µ—Å—Ç–æ–Ω–æ—Å—Ü–µ–≤ –∏ –ø—Ä–æ—á–∏–µ –∫–∏—à–∫–∏ –Ω–∞ –∫—É–ª–∞–∫. –ö–∞–∫ –≤ –±–æ–∫—Å–µ –≥–æ–≤–æ—Ä—è—Ç: ¬´–ì–ª–∞–≤–Ω–æ–µ ‚Äì —ç—Ñ—Ñ–µ–∫—Ç–Ω–æ –ø—Ä–æ–≤–µ—Å—Ç–∏ –∫–æ–Ω—Ü–æ–≤–∫—É¬ª. 
 
–ö–æ–Ω—Ü–æ–≤–∫—É –≤–µ–∫–∞ –Ω–∞ —Ä–∞–∑–Ω—ã—Ö —Ä–∏–Ω–≥–∞—Ö (–≥–ª–∞–∑–∞ —Ä–∞–∑–±–µ–≥–∞—é—Ç—Å—è!) –º–Ω–æ–≥–∏–µ –±–æ–π—Ü—ã –ø—Ä–æ–≤–æ–¥—è—Ç –±–æ–ª—å–Ω–æ —ç—Ñ—Ñ–µ–∫—Ç–Ω–æ: –∫–æ–º–º—É–Ω–∏—Å—Ç—ã –≤—ã—Ä–µ–∑–∞—é—Ç –∞—Ñ–≥–∞–Ω—Ü–µ–≤, –•–æ–º–µ–π–Ω–∏ –≤–∑–≤–∏–Ω—á–∏–≤–∞–µ—Ç –∏—Å—Ç–µ—Ä–∏—é —Å–≤—è—â–µ–Ω–Ω–æ–π –≤–æ–π–Ω—ã –ø—Ä–æ—Ç–∏–≤ –Ω–µ–≤–µ—Ä–Ω—ã—Ö (–¥–ª—è –Ω–∞—á–∞–ª–∞ –±–µ–π —Å–≤–æ–∏—Ö, —á—Ç–æ–± —á—É–∂–∏–µ –±–æ—è–ª–∏—Å—å), –∞–º–µ—Ä–∏–∫–∞–Ω—Ü—ã –∑–∞–ª–∏–∑—ã–≤–∞—é—Ç —Ä–∞–Ω—ã –≤—å–µ—Ç–Ω–∞–º—Å–∫–æ–π –≤–æ–π–Ω—ã –∏ —Ç. –¥. 
 
¬´–ö–ª–µ–≤–µ—Ç–∞¬ª –°–∞—Ö–∞—Ä–æ–≤–∞ –æ–± –∞—Ñ–≥–∞–Ω—Å–∫–∏—Ö —Å–æ–±—ã—Ç–∏—è—Ö (—Ä–∞—Å—Å—Ç—Ä–µ–ª —Å–≤–æ–∏—Ö –∂–µ –æ–∫—Ä—É–∂–µ–Ω–Ω—ã—Ö) –∏ –¥–µ—Å—è—Ç–∫–∏ (—Å–æ—Ç–Ω–∏) –Ω–µ –∑–∞—Ö–æ—Ä–æ–Ω–µ–Ω–Ω—ã—Ö –µ—â–µ (!) —Å–æ –≤—Ä–µ–º–µ–Ω –≤—Ç–æ—Ä–æ–π –º–∏—Ä–æ–≤–æ–π. –ê –≤–µ–¥—å –ø–æ–¥ —ç—Ç–æ —Å–æ—Ç–Ω–∏ —Ç—ã—Å—è—á, –º–∏–ª–ª–∏–æ–Ω—ã (!) –ª—é–¥–µ–π –ø—Ä–æ–∂–∏–ª–∏, –∑–∞–¥–∞–≤–ª–µ–Ω–Ω—ã–µ –ø–æ–¥–æ–∑—Ä–µ–Ω–∏–µ–º, —á—Ç–æ –∏—Ö –æ—Ç—Ü—ã, –¥–µ–¥—ã, —Å—ã–Ω—ã —Å–¥–∞–ª–∏—Å—å –≤ –ø–ª–µ–Ω. –≠—Ç–∏ –ª—é–¥–∏ –±—ã–ª–∏ –≤—ã–≤–µ–¥–µ–Ω—ã –∏–∑ –∞–∫—Ç–∏–≤–Ω–æ–≥–æ —É—á–∞—Å—Ç–∏—è –≤ –æ–±—â–µ—Å—Ç–≤–µ–Ω–Ω–æ–π –±–æ—Ä—å–±–µ –∏ —Ñ–∏–Ω–∞–Ω—Å–æ–≤–æ –æ–±–æ–±—Ä–∞–Ω—ã. –û–∫–∞–∑–∞–ª–æ—Å—å, –ì–æ—Å—É–¥–∞—Ä—Å—Ç–≤–æ –∏ –Ω–µ —Å–æ–±–∏—Ä–∞–ª–æ—Å—å –≤–æ—Å—Å—Ç–∞–Ω–∞–≤–ª–∏–≤–∞—Ç—å –∏—Å—Ç–∏–Ω—É. –ü–æ–¥ –≥–æ—Å—É–¥–∞—Ä—Å—Ç–≤–æ–º —è –∏–º–µ—é –≤ –≤–∏–¥—É –≤–æ–µ–Ω–Ω–æ–µ –≤–µ–¥–æ–º—Å—Ç–≤–æ. 
 
–ù–µ —Å—Ä–∞–∑—É –º—ã —É–∑–Ω–∞–ª–∏ –∏ –æ ¬´—Å–º–µ—Ä—à–∞—Ö¬ª. –ö–æ–Ω–µ—á–Ω–æ, –Ω–∏–∫—Ç–æ –Ω–µ –Ω–∞–π–¥–µ—Ç –Ω–∏ –æ–¥–Ω–æ–≥–æ –ø—Ä–∏–∫–∞–∑–∞ –æ —Ç–æ–º, —á—Ç–æ–± —Å—Ç—Ä–µ–ª—è–ª–∏ –≤ —Å–ø–∏–Ω—É. –û–¥–Ω–∞–∫–æ —Å—Ç—Ä–µ–ª—è–ª–∏. –î–µ—Ç–¥–æ–º–æ–≤–µ—Ü –ú–∞—Ç—Ä–æ—Å–æ–≤ –±—Ä–æ—Å–∏–ª—Å—è –Ω–∞ –∞–º–±—Ä–∞–∑—É—Ä—É. –ó–æ—è –ö–æ—Å–º–æ–¥–µ–º—å—è–Ω—Å–∫–∞—è, –¥–æ—á—å –≤—Ä–∞–≥–∞ –Ω–∞—Ä–æ–¥–∞, –ø—Ä–∏–Ω—è–ª–∞ –º—É—á–µ–Ω–∏—á–µ—Å–∫—É—é —Å–º–µ—Ä—Ç—å. –ù–∏–∫—Ç–æ –Ω–µ —É–∑–Ω–∞–µ—Ç –∏—Å—Ç–∏–Ω–Ω—ã—Ö –ø—Ä–∏—á–∏–Ω, –∏—Å—Ç–∏–Ω–Ω—ã—Ö –ø–æ–¥—Ä–æ–±–Ω–æ—Å—Ç–µ–π. 
 
–û–¥–Ω–∞–∫–æ –µ—Å—Ç—å –º–∞—Å—Å–∞ –¥–æ–∫—É–º–µ–Ω—Ç–æ–≤ —Ç–∏–ø–∞ ¬´–ø—Ä–æ—à—É —Å—á–∏—Ç–∞—Ç—å –º–µ–Ω—è –∫–æ–º–º—É–Ω–∏—Å—Ç–æ–º¬ª. –ë—é—Ä–æ–∫—Ä–∞—Ç–∏–∑–º –≤ –Ω–∞—à–µ–π –∞—Ä–º–∏–∏, –¥–µ–¥–æ–≤—â–∏–Ω–∞ (—É–≥–æ–ª–æ–≤—â–∏–Ω–∞), –≤—ã—Ä–æ—Å—à–∞—è –Ω–∞ –ø–∞—Ä—Ç–∏–π–Ω–æ–π —É–≥–æ–ª–æ–≤—â–∏–Ω–µ –∏ –Ω–∞ –Ω–µ—Å–ø–æ—Å–æ–±–Ω–æ—Å—Ç–∏ –∫–æ–Ω—Ç—Ä–æ–ª–∏—Ä–æ–≤–∞—Ç—å –∞—Ä–º–∏—é, —à–∫—É—Ä–Ω–∏—á–µ—Å—Ç–≤–æ –∏ —Ä–∞–≤–Ω–æ–¥—É—à–∏–µ, —Å–ø–µ–∫—É–ª—è—Ü–∏—è –∏ –∫–æ–Ω—Ç—Ä–∞–±–∞–Ω–¥–∞‚Ä¶ 
 
–í—Å–µ —ç—Ç–æ –ø—Ä–∏—à–ª–æ –Ω–∞ —Å–º–µ–Ω—É —Ç–µ—Ä—Ä–æ—Ä—É —Å–≤–µ—Ä—Ö—É –∏ —Ä–∞–±—Å—Ç–≤—É, —Å—Ç–∞–ª–∏–Ω—â–∏–Ω–µ. 
 
–ó–æ–Ω–∞. 
 
–°–°–°–† ‚Äì —ç—Ç–æ –æ–≥—Ä–æ–º–Ω–∞—è –∑–æ–Ω–∞. 
 
–° –ø–æ—Å—ã–ª–∫–∞–º–∏, —Å–≤–∏–¥–∞–Ω–∏—è–º–∏, —Ä–æ–¥—Å—Ç–≤–µ–Ω–Ω—ã–º–∏ –≤—ã–∑–æ–≤–∞–º–∏ –∏ –≤—ã–µ–∑–¥–∞–º–∏. –ò —Å–æ–≤—Å–µ–º –Ω–µ –æ—Ç—Ç–æ–≥–æ, —á—Ç–æ –º—ã —á–µ–≥–æ-—Ç–æ –¥–æ–±–∏–ª–∏—Å—å, –Ω–∞—Å –Ω–µ —Å–∞–∂–∞—é—Ç –≤ –ª–∞–≥–µ—Ä—è. –ü—Ä–æ—Å—Ç–æ –∏–∑ —Å—Ç—Ä–∞–Ω—ã –≤—ã–∫–∞—á–∞–ª–∏ –≤—Å–µ, —á—Ç–æ –±—ã–ª–æ –≤–æ–∑–º–æ–∂–Ω–æ. –¢–µ–ø–µ—Ä—å —Å—Ç–∞–ª–∏ –∫–∞—á–∞—Ç—å –æ—Ç—Ç—É–¥–∞. –î–∞–ª–∏ –ø–æ—Å–ª–∞–±–ª–µ–Ω–∏–µ, —Ç. –µ. —Å–æ–∑–¥–∞–ª–∏ –≤–æ–∑–º–æ–∂–Ω–æ—Å—Ç–∏ —Å–ø–∞—Å–∞—Ç—å –∏ –≤—ã–∫—É–ø–∞—Ç—å –Ω–∞—Å (–º–µ–Ω—è—Ç—å –ë—É–∫–æ–≤—Å–∫–æ–≥–æ –Ω–∞ –ö–æ—Ä–≤–∞–ª–∞–Ω–∞, –Ω–∞–ø—Ä–∏–º–µ—Ä). 
 
–ë–æ–ª—å—à–µ–≤–∏–∫–∞–º –Ω—É–∂–Ω–∞ –∞—Ç–æ–º–Ω–∞—è –±–æ–º–±–∞ –¥–ª—è —Ç–æ–≥–æ, —á—Ç–æ–±—ã —É–¥–µ—Ä–∂–∞—Ç—å—Å—è —É –≤–ª–∞—Å—Ç–∏, —Ç. –µ. –ø—Ä–æ—Ç–∏–≤ —Å–≤–æ–µ–≥–æ –∂–µ –Ω–∞—Ä–æ–¥–∞. –ü—Ä–æ–π–¥–µ—Ç –Ω–µ–º–Ω–æ–≥–æ –≤—Ä–µ–º–µ–Ω–∏, –∏ –æ–Ω–∏ –Ω–∞—á–Ω—É—Ç —à–∞–Ω—Ç–∞–∂–∏—Ä–æ–≤–∞—Ç—å –≤–µ—Å—å –º–∏—Ä, —á—Ç–æ–±—ã –≤–µ—Å—å –º–∏—Ä —É–º–æ–ª—è–ª –Ω–∞—Å, –Ω–∞—Ä–æ–¥, –Ω–µ –¥–µ–ª–∞—Ç—å —Ä–µ–≤–æ–ª—é—Ü–∏–∏ –∏ —Ç–µ—Ä–ø–µ—Ç—å —ç—Ç–∏—Ö —É–ø—ã—Ä–µ–π –∏ —Å–æ–¥–µ—Ä–∂–∞—Ç—å –∏—Ö. 
 
–ù–µ–ø—Ä–µ–∫—Ä–∞—â–∞—é—â–∞—è—Å—è –≥—Ä–∞–∂–¥–∞–Ω—Å–∫–∞—è –≤–æ–π–Ω–∞ –ø—Ä–æ—Ç–∏–≤ —Å–≤–æ–µ–≥–æ –Ω–∞—Ä–æ–¥–∞, –∫–æ–ª–æ–Ω–∏–∞–ª—å–Ω—ã–π —Ä–µ–∂–∏–º, –Ω–µ–∑–∞–º–µ—Ç–Ω–æ–µ –≤–æ–µ–Ω–Ω–æ–µ –ø–æ–ª–æ–∂–µ–Ω–∏–µ, –∞ –ø—Ä–æ—â–µ ‚Äì –≤—Å–µ—Å–æ—é–∑–Ω–∞—è –∑–æ–Ω–∞. –í—Å–µ —ç—Ç–æ –∏–∑–º–æ—Ç–∞–ª–æ –Ω–∞—Ä–æ–¥. –û–Ω —É–∂–µ –ø–æ–Ω—è–ª, —á—Ç–æ —Å–µ–≥–æ–¥–Ω—è—à–Ω—è—è –ø–µ—Ä–µ–¥—ã—à–∫–∞ (—É—Ö—É–¥—à–µ–Ω–∏–µ) –Ω–µ—Å–µ—Ç –Ω–µ—á—Ç–æ –Ω–æ–≤–æ–µ –¥–ª—è –Ω–µ–≥–æ, –Ω–∞—Ä–æ–¥–∞-—Ç–æ. –ù–æ–≤–æ–µ –∏ —Å—Ç—Ä–∞—à–Ω–æ. –ï—Å–ª–∏ —Ä–∞–Ω—å—à–µ —Ä–∞–∑–±–∞–∑–∞—Ä–∏–≤–∞–ª–∏ –ø—Ä–∏—Ä–æ–¥–Ω—ã–µ —Ä–µ—Å—É—Ä—Å—ã –∏ –∫—É–ª—å—Ç—É—Ä—É, —Ç–æ —Ç–µ–ø–µ—Ä—å, –ø–æ—Ö–æ–∂–µ, —Å–æ–±–∏—Ä–∞—é—Ç—Å—è —Ç–æ—Ä–≥–æ–≤–∞—Ç—å –Ω–∞–º–∏. –ò—â—É—Ç –º–∞—Ä–∫—Å–∏—Å—Ç—Å–∫–æ-–ª–µ–Ω–∏–Ω—Å–∫–æ–µ –æ–±–æ—Å–Ω–æ–≤–∞–Ω–∏–µ. –ò –Ω–∞–π–¥—É—Ç! 
 
–ö–æ–º–º—É–Ω–∏—Å—Ç—ã —Å–∏—Ç—É–∞—Ü–∏—é –≤ —Å—Ç—Ä–∞–Ω–µ –Ω–µ –∫–æ–Ω—Ç—Ä–æ–ª–∏—Ä—É—é—Ç. –ù–æ –∏ –Ω–∏–∫–æ–≥–¥–∞ –Ω–µ –∫–æ–Ω—Ç—Ä–æ–ª–∏—Ä–æ–≤–∞–ª–∏. –û–Ω–∏ –≤–æ—é—é—Ç —Å –Ω–∞—à–∏–º–∏ –Ω–∞—Ä–æ–¥–∞–º–∏, —Å—Ç—Ä–∞–≤–ª–∏–≤–∞—é—Ç –∏—Ö. –û–∫–∫—É–ø–∞–Ω—Ç—ã —Å–∏—Ç—É–∞—Ü–∏—é –Ω–µ –∫–æ–Ω—Ç—Ä–æ–ª–∏—Ä—É—é—Ç. –û–Ω–∏ –µ–µ —Å–æ–∑–¥–∞—é—Ç, —É—Å—É–≥—É–±–ª—è—é—Ç. –ù–æ —Å–µ–π—á–∞—Å —Å–∏—Ç—É–∞—Ü–∏—è —Å—Ç—Ä–∞–Ω–Ω–∞—è. –°–æ–∑–¥–∞–≤–∞—è –æ—Å–æ–±–æ–µ –ø–æ–ª–æ–∂–µ–Ω–∏–µ –¥–ª—è —Å–µ–±—è, –ø–∞—Ä—Ç–∏—è –≤—Å—Ç—É–ø–∏–ª–∞ –≤ —Å–≥–æ–≤–æ—Ä (–≤ –¥–æ–ª—é –≤–∑—è–ª–∞) –æ–±—Å–ª—É–≥—É, –æ—Ö—Ä–∞–Ω—É –∏ —Ç. –¥. –•–∞–ª—è–≤—â–∏–∫–æ–≤ –æ—á–µ–Ω—å –º–Ω–æ–≥–æ. –†–∞–±—Å–∫–∏–π —Ç—Ä—É–¥ –µ–ª–µ-–µ–ª–µ –∏—Ö –∫–æ—Ä–º–∏—Ç. –ù–∞–¥–æ –æ—Ç–ø—É—Å–∫–∞—Ç—å —Ä–∞–±–æ–≤ –Ω–∞ –∑–∞—Ä–∞–±–æ—Ç–∫–∏ (–Ω–∞ –∂–∏–≤—Ü–∞ –ª–æ–≤–∏—Ç—å ‚Äì –Ω–∞–∑—ã–≤–∞–µ—Ç—Å—è) –∑–∞ –≥—Ä–∞–Ω–∏—Ü—É. –ù–æ —Ç–∞–∫, —á—Ç–æ–±—ã –≤–∞–ª—é—Ç–∞ —à–ª–∞ —Ö–æ–∑—è–µ–≤–∞–º. –°–ª–æ–∂–Ω–æ—Å—Ç–µ–π –º–Ω–æ-–æ-–≥–æ! 
 
–¢–∞–∫ —á—Ç–æ –¥–µ–ª–∞—Ç—å? 
 
–í–æ—Å—Å—Ç–∞–Ω–∞–≤–ª–∏–≤–∞—Ç—å —Ö—Ä–∞–º –•—Ä–∏—Å—Ç–∞ –°–ø–∞—Å–∏—Ç–µ–ª—è, –≤–æ—Å—Å–æ–µ–¥–∏–Ω—è—Ç—å—Å—è —Å –¥–∏–∞—Å–ø–æ—Ä–æ–π –∏ –≤—ã–≤–æ–¥–∏—Ç—å –¥–µ—Ç–µ–π –∏–∑ —Ä–∞–±—Å—Ç–≤–∞. –ù–∞–¥–æ –¥–µ–ª–∞—Ç—å –¥—É—Ö–æ–≤–Ω—É—é —Ä–∞–±–æ—Ç—É. –ù–æ –¥–µ–ª–∞—Ç—å –µ–µ –Ω–∞–¥–æ —Ç–∞–∫, –∫–∞–∫ –æ–Ω–∞ –≤—ã—Ö–æ–¥–∏—Ç –∏–∑ —Ç–µ–±—è, —á—Ç–æ–± —Ä–∞–±–æ—Ç–∞ —É–≤–ª–µ–∫–ª–∞ –∏ –∑–∞—Ö–≤–∞—Ç–∏–ª–∞ –º–Ω–æ–≥–∏—Ö –ø—Ä–∞–≤–¥–æ–π, –∏—Å–ø–æ–≤–µ–¥—å—é. 
 
–ù–∞–¥–æ —Ä–∞–∑ –∏ –Ω–∞–≤—Å–µ–≥–¥–∞ —É—è—Å–Ω–∏—Ç—å —Å–µ–±–µ: –ø–∞—Ä—Ç–∏—è –Ω–µ –ø–æ—â–∞–¥–∏—Ç –Ω–∏ –æ–¥–Ω–æ–≥–æ –Ω–∞—Ä–æ–¥–∞. –†—É—Å—Å–∫–∏–π —Å—Ç—Ä–∞–¥–∞–µ—Ç –∏ –±—É–¥–µ—Ç —Å—Ç—Ä–∞–¥–∞—Ç—å –±–æ–ª—å—à–µ –≤—Å–µ—Ö. 
 
–õ–µ–≥–∫–æ—Å—Ç—å, —Å –∫–æ—Ç–æ—Ä–æ–π –º—ã –≤—Ö–æ–¥–∏–º –≤ —á—É–∂–∏–µ —Å—Ç—Ä–∞–Ω—ã (–∏–ª–∏ –≤–≤–æ–¥–∏–º —Ç—É–¥–∞ –æ—Ä—É–∂–∏–µ) ‚Äì –ß–µ—Ö–æ—Å–ª–æ–≤–∞–∫–∏—è, –í–µ–Ω–≥—Ä–∏—è, –ü–æ–ª—å—à–∞, –ì–î–†, –ê—Ñ–≥–∞–Ω–∏—Å—Ç–∞–Ω, –ö—É–±–∞, –ù–∏–∫–∞—Ä–∞–≥—É–∞, –ö–∏—Ç–∞–π, –í—å–µ—Ç–Ω–∞–º –∏ –º–Ω. –¥—Ä., ‚Äì –≥–æ–≤–æ—Ä–∏—Ç –æ —Ç–æ–º, —á—Ç–æ –ó–∞–ø–∞–¥ –≤–æ–æ—Ä—É–∂–∏–ª—Å—è –Ω–µ –∑—Ä—è. –ú—ã ‚Äì –ø—Ä–æ—Ñ–µ—Å—Å–∏–æ–Ω–∞–ª—å–Ω—ã–µ –∞–≥—Ä–µ—Å—Å–æ—Ä—ã. –ò –Ω–µ –æ—Ç–∫–∞–∑–∞–ª–∏—Å—å –¥–æ —Å–∏—Ö –ø–æ—Ä –æ—Ç –∏–¥–µ–∏ –ú–∏—Ä–æ–≤–æ–≥–æ –≥–æ—Å–ø–æ–¥—Å—Ç–≤–∞, —Å–∫—Ä–æ–º–Ω–æ –Ω–∞–∑—ã–≤–∞—è —ç—Ç—É –∏–¥–µ—é ¬´–ú–∏—Ä–æ–≤–æ–π —Ä–µ–≤–æ–ª—é—Ü–∏–µ–π¬ª. 
 
–ù–µ–¥–æ—Ä–∞–∑–≤–∏—Ç—ã–µ –∏ –±–µ–∑–¥–∞—Ä–Ω—ã–µ –ª—é–¥–∏—à–∫–∏ –ø—Ä–æ–¥–æ–ª–∂–∞—é—Ç —Ç–µ—Ä—Ä–æ—Ä–∏–∑–∏—Ä–æ–≤–∞—Ç—å –∏ –æ–±–∏—Ä–∞—Ç—å –æ–≥—Ä–æ–º–Ω—É—é —Å—Ç—Ä–∞–Ω—É. 
 
–ò –ø–ª–æ–¥—è—Ç, —Ç–≤–∞—Ä–∏, –ø–æ–¥–æ–±–Ω—ã—Ö —Å–µ–±–µ. –≠—Ç–æ –∫–∞—Ç–∞—Å—Ç—Ä–æ—Ñ–∞. –ü–æ—Ç–æ–º –±—É–¥—É—Ç –∫–ª—è–Ω—á–∏—Ç—å –ø–æ–¥–∞—è–Ω–∏–µ. –û–ø—è—Ç—å –∫–æ—Ä–º–∏! 
 
–ü–æ–±–µ–¥–∞ –≤ –í–µ–ª–∏–∫–æ–π –û—Ç–µ—á–µ—Å—Ç–≤–µ–Ω–Ω–æ–π –æ–∫–æ–Ω—á–∞—Ç–µ–ª—å–Ω–æ —Ä–∞–∑–≤–∞–ª–∏–ª–∞ —Ä—É—Å—Å–∫–∏—Ö. –ò, –µ—Å—Ç–µ—Å—Ç–≤–µ–Ω–Ω–æ, –ø–æ–∑–≤–æ–ª–∏–ª–∞ –±–æ–ª—å—à–µ–≤–∏–∫–∞–º –¥–µ—Ä–∂–∞—Ç—å—Å—è –¥–æ —Å–∏—Ö –ø–æ—Ä. –í–µ–¥—å –ü–æ–±–µ–¥–∞ –¥–∞–ª–∞ –ø—Ä–∞–≤–æ –¥—É–º–∞—Ç—å, —á—Ç–æ –ø—É—Ç—å –ø—Ä–∞–≤–∏–ª—å–Ω—ã–π: –ª–∞–≥–µ—Ä—è, —Å–æ—Ü. —Ä–µ–∞–ª–∏–∑–º –∏ –ø—Ä. –ò –±–µ–∑–∫—É–ª—å—Ç—É—Ä—å–µ. –ü–∞–¥–µ–Ω–∏–µ –≤ –±—É–¥–∫—É. –ú—ã –≤—ã–±—Ä–∞–ª–∏ ¬´—Ä–æ–¥–Ω–æ–µ¬ª —Ä–∞–±—Å—Ç–≤–æ, —Ä–∞—Å—Å—á–∏—Ç—ã–≤–∞—è –Ω–∞ —Ç–æ, —á—Ç–æ —É –∫–æ–º–º—É–Ω–∏—Å—Ç–æ–≤ –æ—Ç—Ç–∞–µ—Ç —Å–µ—Ä–¥—Ü–µ. –î—É—Ä–∞–∫–∏! –ú—ã –≤–≤–µ—Ä–≥–ª–∏ —Å–µ–±—è –≤ –±–æ–ª—å—à—É—é –≥–ª—É–ø–æ—Å—Ç—å –∏ —É–Ω–∏–∂–µ–Ω–Ω–æ—Å—Ç—å. –î–µ–ª–æ –µ—â–µ –≤–æ—Ç –≤ —á–µ–º: –≤–æ–π–Ω–∞ –Ω–µ –¥–∞–µ—Ç –ø–æ–≤–æ–¥ –¥–ª—è –≥–µ—Ä–æ–π—Å—Ç–≤–∞ –Ω–∏ —Å —Ç–æ–π, –Ω–∏ —Å –¥—Ä—É–≥–æ–π —Å—Ç–æ—Ä–æ–Ω—ã. –í–æ–π–Ω–∞ ‚Äì —ç—Ç–æ –≥—Ä—è–∑—å –∏ —É–±–∏–π—Å—Ç–≤–æ –Ω–∞ —Å–∞–º–æ–º –¥–Ω–µ —Å–æ–∑–Ω–∞–Ω–∏—è. –ì–µ—Ä–æ–π—Å—Ç–≤–æ —Å–æ–∑–¥–∞—é—Ç –∏–¥–µ–æ–ª–æ–≥–∏—á–µ—Å–∫–∏–µ –ø–æ–¥–æ–Ω–∫–∏. –í—ã–±–æ—Ä –º–µ–∂–¥—É –¥–≤—É–º—è —Ñ–∞—à–∏–∑–º–∞–º–∏. –ß—Ç–æ –º–æ–∂–µ—Ç –±—ã—Ç—å –º—É—á–∏—Ç–µ–ª—å–Ω–µ–π?! –ù–æ —è –Ω–∏–∫–æ–≥–¥–∞ –Ω–µ —Å–∫–∞–∂—É, —á—Ç–æ –≤—ã–±–æ—Ä –±—ã–ª —Å–¥–µ–ª–∞–Ω –ø—Ä–∞–≤–∏–ª—å–Ω—ã–π. –†–∞–± –Ω–∞ –≤—ã–±–æ—Ä –Ω–µ —Å–ø–æ—Å–æ–±–µ–Ω. –¢–∞–∫–æ–≤–∞ —Å—É–¥—å–±–∞. –†–∞–±–∞. 
 
–°—Ç–∞–ª–∏–Ω —Ö–æ—Ä–æ—à–æ —É—á–µ–ª –æ–ø—ã—Ç –∏—Å—Ç–æ—Ä–∏–∏. –ë—ã–ª –†–æ–±–µ—Å–ø—å–µ—Ä, –±—ã–ª –ù–∞–ø–æ–ª–µ–æ–Ω –∏ –±—ã–ª –õ—É–∏ –§–∏–ª–∏–ø–ø. 
 
–ê –°—Ç–∞–ª–∏–Ω –≤—Å–µ —ç—Ç–æ —Å–æ–±—Ä–∞–ª –≤ –æ–¥–Ω–æ–º! –ò –Ω–µ –∏–∑-–∑–∞ –±–æ–ª—å—à–æ–≥–æ —É–º–∞. –ê –∏–∑ –∂–∏–≤–æ—Ç–Ω–æ–≥–æ —Å—Ç—Ä–∞—Ö–∞ –∏ –∏–∑ –≤–ª–∞–¥–µ–Ω–∏—è –∏—Å–∫—É—Å—Å—Ç–≤–æ–º –ø–∞—Ä—Ç–∏–π–Ω–æ–π –∏–Ω—Ç—Ä–∏–≥–∏. 
 
–í –∫–æ—Ç–æ—Ä—ã–π —É–∂–µ —Ä–∞–∑ –≥–æ–≤–æ—Ä—é: –ø–∞—Ä—Ç–∏—è –Ω–∏–∫–æ–≥–¥–∞ –Ω–∏–∫–æ–º—É –Ω–µ –±—É–¥–µ—Ç –æ—Ç–¥–∞–≤–∞—Ç—å –¥–æ–ª–≥–∏. –û–Ω–∞ –Ω–∏–∫–∞–∫–∏—Ö –¥–æ–ª–≥–æ–≤ –Ω–µ –¥–µ–ª–∞–ª–∞ ‚Äì –æ–Ω–∞ –æ—Ç–Ω–∏–º–∞–ª–∞. –û—Ç–Ω–∏–º–∞–ª–∞ —É –æ—Ç–¥–µ–ª—å–Ω—ã—Ö –ª—é–¥–µ–π, —Å–µ–º–µ–π, –∫–æ—Ç–æ—Ä—ã–µ –ø–∞—Ä—Ç–∏–µ–π –∫–∞–∫ –ø–∞—Ä—Ç–Ω–µ—Ä –¥–ª—è —Ä–∞–∑–≥–æ–≤–æ—Ä–æ–≤ –∏ –¥–ª—è —Å–æ—Ç—Ä—É–¥–Ω–∏—á–µ—Å—Ç–≤–∞ –Ω–µ —Ñ–∏–∫—Å–∏—Ä—É–µ—Ç—Å—è. –ü–∞—Ä—Ç–∏—è –¥–ª—è —Å–æ—Ç—Ä—É–¥–Ω–∏—á–µ—Å—Ç–≤–∞ —Å–æ–∑–¥–∞–µ—Ç —Å–∞–º–∞ –ø–∞—Ä—Ç–Ω–µ—Ä–æ–≤: —Å–æ–≤–Ω–∞—Ä—Ö–æ–∑—ã, –∞–≥—Ä–æ–ø—Ä–æ–º—ã. –ù–æ —ç—Ç–∏ –ø–∞—Ä—Ç–Ω–µ—Ä—ã —Å–µ—è—Ç—å –Ω–µ —É–º–µ—é—Ç, –∫ —Å–æ–∑–∏–¥–∞—Ç–µ–ª—å–Ω–æ–º—É —Ç—Ä—É–¥—É, –∫–∞–∫ –∏ —Å–∞–º–∞ –ø–∞—Ä—Ç–∏—è, –Ω–µ –ø—Ä–∏—Å–ø–æ—Å–æ–±–ª–µ–Ω—ã. 
 
–•–æ–º–æ –°–æ–≤–µ—Ç–∏–∫—É—Å –∏ —Ç–µ—Ä—Ä–æ—Ä–∏–∑–º ‚Äì —ç—Ç–æ –≤–∑–∞–∏–º–æ—Å–≤—è–∑–∞–Ω–Ω—ã–µ —è–≤–ª–µ–Ω–∏—è. –ù–æ –µ—Å–ª–∏ –Ω–∞ –ó–∞–ø–∞–¥–µ —Ç–µ—Ä—Ä–æ—Ä–∏–∑–º –Ω–∞—Ö–æ–¥–∏—Ç—Å—è –≤–Ω–µ –∑–∞–∫–æ–Ω–∞ –∏ –Ω–µ –∏–º–µ–µ—Ç –Ω–∏–∫–∞–∫–∏—Ö —à–∞–Ω—Å–æ–≤ –Ω–∞ –ø–æ–±–ª–∞–∂–∫–∏, —Ç–æ —É –Ω–∞—Å —Ç–µ—Ä—Ä–æ—Ä–∏–∑–º —è–≤–ª—è–µ—Ç—Å—è —Ñ–æ—Ä–º–æ–π —Å—É—â–µ—Å—Ç–≤–æ–≤–∞–Ω–∏—è",–ì—Ä—É–ø–ø–∞ 131617902,20.07.2025,05:14,1752952456,62,3,19,484708,-131617902,"photo, photo, photo, photo, photo, photo",https://vk.com/wall-131617902_484708
"–ù–∞—à–∏ –±–æ–π—Ü—ã –≤ –∑–æ–Ω–µ –°–í–û. –°–∏–ª—å–Ω—ã–µ, —Å–ø–æ–∫–æ–π–Ω—ã–µ, —Å–æ–±—Ä–∞–Ω–Ω—ã–µ. –î–µ–ª–∞—é—Ç —Å–≤–æ—é —Ä–∞–±–æ—Ç—É","–ù–∞—à–∏ –±–æ–π—Ü—ã –≤ –∑–æ–Ω–µ –°–í–û. –°–∏–ª—å–Ω—ã–µ, —Å–ø–æ–∫–æ–π–Ω—ã–µ, —Å–æ–±—Ä–∞–Ω–Ω—ã–µ. –î–µ–ª–∞—é—Ç —Å–≤–æ—é —Ä–∞–±–æ—Ç—É üëç",–ì—Ä—É–ø–ø–∞ 216160169,20.07.2025,03:25,1752945959,29,0,0,207545,-216160169,photo,https://vk.com/wall-216160169_207545
"–ù–∞—à–∏ –±–æ–π—Ü—ã –≤ –∑–æ–Ω–µ –°–í–û. –°–∏–ª—å–Ω—ã–µ, —Å–ø–æ–∫–æ–π–Ω—ã–µ, —Å–æ–±—Ä–∞–Ω–Ω—ã–µ. –î–µ–ª–∞—é—Ç —Å–≤–æ—é —Ä–∞–±–æ—Ç—É","–ù–∞—à–∏ –±–æ–π—Ü—ã –≤ –∑–æ–Ω–µ –°–í–û. –°–∏–ª—å–Ω—ã–µ, —Å–ø–æ–∫–æ–π–Ω—ã–µ, —Å–æ–±—Ä–∞–Ω–Ω—ã–µ. –î–µ–ª–∞—é—Ç —Å–≤–æ—é —Ä–∞–±–æ—Ç—É",–ì—Ä—É–ø–ø–∞ 212252135,20.07.2025,03:08,1752944880,575,21,0,593843,-212252135,photo,https://vk.com/wall-212252135_593843
"–ù–∞—à–∏ –±–æ–π—Ü—ã –≤ –∑–æ–Ω–µ –°–í–û. –°–∏–ª—å–Ω—ã–µ, —Å–ø–æ–∫–æ–π–Ω—ã–µ, —Å–æ–±—Ä–∞–Ω–Ω—ã–µ. –î–µ–ª–∞—é—Ç —Å–≤–æ—é —Ä–∞–±–æ—Ç—É","–ù–∞—à–∏ –±–æ–π—Ü—ã –≤ –∑–æ–Ω–µ –°–í–û. –°–∏–ª—å–Ω—ã–µ, —Å–ø–æ–∫–æ–π–Ω—ã–µ, —Å–æ–±—Ä–∞–Ω–Ω—ã–µ. –î–µ–ª–∞—é—Ç —Å–≤–æ—é —Ä–∞–±–æ—Ç—É üëç",–ì—Ä—É–ø–ø–∞ 86820203,20.07.2025,02:03,1752940980,9,0,0,299088,-86820203,photo,https://vk.com/wall-86820203_299088
"–ù–∞—à–∏ –±–æ–π—Ü—ã –≤ –∑–æ–Ω–µ –°–í–û. –°–∏–ª—å–Ω—ã–µ, —Å–ø–æ–∫–æ–π–Ω—ã–µ, —Å–æ–±—Ä–∞–Ω–Ω—ã–µ. –î–µ–ª–∞—é—Ç —Å–≤–æ—é —Ä–∞–±–æ—Ç—É","–ù–∞—à–∏ –±–æ–π—Ü—ã –≤ –∑–æ–Ω–µ –°–í–û. –°–∏–ª—å–Ω—ã–µ, —Å–ø–æ–∫–æ–π–Ω—ã–µ, —Å–æ–±—Ä–∞–Ω–Ω—ã–µ. –î–µ–ª–∞—é—Ç —Å–≤–æ—é —Ä–∞–±–æ—Ç—É üëç",–ì—Ä—É–ø–ø–∞ 69915,20.07.2025,00:45,1752936310,28,1,1,750154,-69915,photo,https://vk.com/wall-69915_750154
"–ù–∞—à–∏ –±–æ–π—Ü—ã –≤ –∑–æ–Ω–µ –°–í–û. –°–∏–ª—å–Ω—ã–µ, —Å–ø–æ–∫–æ–π–Ω—ã–µ, —Å–æ–±—Ä–∞–Ω–Ω—ã–µ. –î–µ–ª–∞—é—Ç —Å–≤–æ—é —Ä–∞–±–æ—Ç—É","–ù–∞—à–∏ –±–æ–π—Ü—ã –≤ –∑–æ–Ω–µ –°–í–û. –°–∏–ª—å–Ω—ã–µ, —Å–ø–æ–∫–æ–π–Ω—ã–µ, —Å–æ–±—Ä–∞–Ω–Ω—ã–µ. –î–µ–ª–∞—é—Ç —Å–≤–æ—é —Ä–∞–±–æ—Ç—É üëç",–ì—Ä—É–ø–ø–∞ 230707370,20.07.2025,00:13,1752934427,2,0,0,420,-230707370,"photo, link",https://vk.com/wall-230707370_420
"–ù–∞—à–∏ –±–æ–π—Ü—ã –≤ –∑–æ–Ω–µ –°–í–û. –°–∏–ª—å–Ω—ã–µ, —Å–ø–æ–∫–æ–π–Ω—ã–µ, —Å–æ–±—Ä–∞–Ω–Ω—ã–µ. –î–µ–ª–∞—é—Ç —Å–≤–æ—é —Ä–∞–±–æ—Ç—É","–ù–∞—à–∏ –±–æ–π—Ü—ã –≤ –∑–æ–Ω–µ –°–í–û. –°–∏–ª—å–Ω—ã–µ, —Å–ø–æ–∫–æ–π–Ω—ã–µ, —Å–æ–±—Ä–∞–Ω–Ω—ã–µ. –î–µ–ª–∞—é—Ç —Å–≤–æ—é —Ä–∞–±–æ—Ç—É üëç",–ì—Ä—É–ø–ø–∞ 225078165,19.07.2025,22:47,1752929220,154,4,0,172290,-225078165,photo,https://vk.com/wall-225078165_172290
"–ù–∞—à–∏ –±–æ–π—Ü—ã –≤ –∑–æ–Ω–µ –°–í–û. –°–∏–ª—å–Ω—ã–µ, —Å–ø–æ–∫–æ–π–Ω—ã–µ, —Å–æ–±—Ä–∞–Ω–Ω—ã–µ. –î–µ–ª–∞—é—Ç —Å–≤–æ—é —Ä–∞–±–æ—Ç—É","–ù–∞—à–∏ –±–æ–π—Ü—ã –≤ –∑–æ–Ω–µ –°–í–û. –°–∏–ª—å–Ω—ã–µ, —Å–ø–æ–∫–æ–π–Ω—ã–µ, —Å–æ–±—Ä–∞–Ω–Ω—ã–µ. –î–µ–ª–∞—é—Ç —Å–≤–æ—é —Ä–∞–±–æ—Ç—É üëç",–ì—Ä—É–ø–ø–∞ 230628332,19.07.2025,22:46,1752929174,1,0,1,1403,-230628332,"photo, link",https://vk.com/wall-230628332_1403
"–ù–∞—à–∏ –±–æ–π—Ü—ã –≤ –∑–æ–Ω–µ –°–í–û. –°–∏–ª—å–Ω—ã–µ, —Å–ø–æ–∫–æ–π–Ω—ã–µ, —Å–æ–±—Ä–∞–Ω–Ω—ã–µ. –î–µ–ª–∞—é—Ç —Å–≤–æ—é —Ä–∞–±–æ—Ç—É","–ù–∞—à–∏ –±–æ–π—Ü—ã –≤ –∑–æ–Ω–µ –°–í–û. –°–∏–ª—å–Ω—ã–µ, —Å–ø–æ–∫–æ–π–Ω—ã–µ, —Å–æ–±—Ä–∞–Ω–Ω—ã–µ. –î–µ–ª–∞—é—Ç —Å–≤–æ—é —Ä–∞–±–æ—Ç—É üëç

–•–æ—Ç–∏—Ç–µ –ø–æ–¥–ø–∏—Å–∞—Ç—å –∫–æ–Ω—Ç—Ä–∞–∫—Ç? –õ—É—á—à–∏–µ —É—Å–ª–æ–≤–∏—è –≤ –ª–∏—á–Ω—ã—Ö —Å–æ–æ–±—â–µ–Ω–∏—è—Ö:
vk.me/club226228460",–ì—Ä—É–ø–ø–∞ 226228460,19.07.2025,21:36,1752924985,5,0,0,2209,-226228460,"photo, link",https://vk.com/wall-226228460_2209
"–ù–∞—à–∏ –±–æ–π—Ü—ã –≤ –∑–æ–Ω–µ –°–í–û. –°–∏–ª—å–Ω—ã–µ, —Å–ø–æ–∫–æ–π–Ω—ã–µ, —Å–æ–±—Ä–∞–Ω–Ω—ã–µ. –î–µ–ª–∞—é—Ç —Å–≤–æ—é —Ä–∞–±–æ—Ç—É","–ù–∞—à–∏ –±–æ–π—Ü—ã –≤ –∑–æ–Ω–µ –°–í–û. –°–∏–ª—å–Ω—ã–µ, —Å–ø–æ–∫–æ–π–Ω—ã–µ, —Å–æ–±—Ä–∞–Ω–Ω—ã–µ. –î–µ–ª–∞—é—Ç —Å–≤–æ—é —Ä–∞–±–æ—Ç—É üëç",–ì—Ä—É–ø–ø–∞ 226319173,19.07.2025,21:00,1752922800,17,1,0,22029,-226319173,photo,https://vk.com/wall-226319173_22029
"–ù–∞—à–∏ –±–æ–π—Ü—ã –≤ –∑–æ–Ω–µ –°–í–û. –°–∏–ª—å–Ω—ã–µ, —Å–ø–æ–∫–æ–π–Ω—ã–µ, —Å–æ–±—Ä–∞–Ω–Ω—ã–µ. –î–µ–ª–∞—é—Ç —Å–≤–æ—é —Ä–∞–±–æ—Ç—É","–ù–∞—à–∏ –±–æ–π—Ü—ã –≤ –∑–æ–Ω–µ –°–í–û. –°–∏–ª—å–Ω—ã–µ, —Å–ø–æ–∫–æ–π–Ω—ã–µ, —Å–æ–±—Ä–∞–Ω–Ω—ã–µ. –î–µ–ª–∞—é—Ç —Å–≤–æ—é —Ä–∞–±–æ—Ç—É üëç",–ì—Ä—É–ø–ø–∞ 176240918,19.07.2025,18:07,1752912453,4,0,0,52057,-176240918,photo,https://vk.com/wall-176240918_52057
"–ù–∞—à–∏ –±–æ–π—Ü—ã –≤ –∑–æ–Ω–µ –°–í–û. –°–∏–ª—å–Ω—ã–µ, —Å–ø–æ–∫–æ–π–Ω—ã–µ, —Å–æ–±—Ä–∞–Ω–Ω—ã–µ. –î–µ–ª–∞—é—Ç —Å–≤–æ—é —Ä–∞–±–æ—Ç—É","–ù–∞—à–∏ –±–æ–π—Ü—ã –≤ –∑–æ–Ω–µ –°–í–û. –°–∏–ª—å–Ω—ã–µ, —Å–ø–æ–∫–æ–π–Ω—ã–µ, —Å–æ–±—Ä–∞–Ω–Ω—ã–µ. –î–µ–ª–∞—é—Ç —Å–≤–æ—é —Ä–∞–±–æ—Ç—É üëç",–ì—Ä—É–ø–ø–∞ 223272296,19.07.2025,16:43,1752907384,76,2,0,151889,-223272296,photo,https://vk.com/wall-223272296_151889
"–ù–∞—à–∏ –±–æ–π—Ü—ã –≤ –∑–æ–Ω–µ –°–í–û. –°–∏–ª—å–Ω—ã–µ, —Å–ø–æ–∫–æ–π–Ω—ã–µ, —Å–æ–±—Ä–∞–Ω–Ω—ã–µ. –î–µ–ª–∞—é—Ç —Å–≤–æ—é —Ä–∞–±–æ—Ç—É","–ù–∞—à–∏ –±–æ–π—Ü—ã –≤ –∑–æ–Ω–µ –°–í–û. –°–∏–ª—å–Ω—ã–µ, —Å–ø–æ–∫–æ–π–Ω—ã–µ, —Å–æ–±—Ä–∞–Ω–Ω—ã–µ. –î–µ–ª–∞—é—Ç —Å–≤–æ—é —Ä–∞–±–æ—Ç—É üëç",–ì—Ä—É–ø–ø–∞ 106160452,19.07.2025,15:18,1752902280,58,0,2,648657,-106160452,photo,https://vk.com/wall-106160452_648657
"–ù–∞—à–∏ –±–æ–π—Ü—ã –≤ –∑–æ–Ω–µ –°–í–û. –°–∏–ª—å–Ω—ã–µ, —Å–ø–æ–∫–æ–π–Ω—ã–µ, —Å–æ–±—Ä–∞–Ω–Ω—ã–µ. –î–µ–ª–∞—é—Ç —Å–≤–æ—é —Ä–∞–±–æ—Ç—É","–ù–∞—à–∏ –±–æ–π—Ü—ã –≤ –∑–æ–Ω–µ –°–í–û. –°–∏–ª—å–Ω—ã–µ, —Å–ø–æ–∫–æ–π–Ω—ã–µ, —Å–æ–±—Ä–∞–Ω–Ω—ã–µ. –î–µ–ª–∞—é—Ç —Å–≤–æ—é —Ä–∞–±–æ—Ç—É üëç",–ì—Ä—É–ø–ø–∞ 128602810,19.07.2025,15:07,1752901647,366,23,5,456772,-128602810,photo,https://vk.com/wall-128602810_456772
"–ù–∞—à–∏ –±–æ–π—Ü—ã –≤ –∑–æ–Ω–µ –°–í–û. –°–∏–ª—å–Ω—ã–µ, —Å–ø–æ–∫–æ–π–Ω—ã–µ, —Å–æ–±—Ä–∞–Ω–Ω—ã–µ. –î–µ–ª–∞—é—Ç —Å–≤–æ—é —Ä–∞–±–æ—Ç—É","–ù–∞—à–∏ –±–æ–π—Ü—ã –≤ –∑–æ–Ω–µ –°–í–û. –°–∏–ª—å–Ω—ã–µ, —Å–ø–æ–∫–æ–π–Ω—ã–µ, —Å–æ–±—Ä–∞–Ω–Ω—ã–µ. –î–µ–ª–∞—é—Ç —Å–≤–æ—é —Ä–∞–±–æ—Ç—É üëç",–ì—Ä—É–ø–ø–∞ 218311823,19.07.2025,07:00,1752872400,285,13,0,280422,-218311823,photo,https://vk.com/wall-218311823_280422
"–ù–∞—à–∏ –±–æ–π—Ü—ã –≤ –∑–æ–Ω–µ –°–í–û. –°–∏–ª—å–Ω—ã–µ, —Å–ø–æ–∫–æ–π–Ω—ã–µ, —Å–æ–±—Ä–∞–Ω–Ω—ã–µ. –î–µ–ª–∞—é—Ç —Å–≤–æ—é —Ä–∞–±–æ—Ç—É","üá∑üá∫üá∑üá∫üá∑üá∫üôè
–ù–∞—à–∏ –±–æ–π—Ü—ã –≤ –∑–æ–Ω–µ –°–í–û. –°–∏–ª—å–Ω—ã–µ, —Å–ø–æ–∫–æ–π–Ω—ã–µ, —Å–æ–±—Ä–∞–Ω–Ω—ã–µ. –î–µ–ª–∞—é—Ç —Å–≤–æ—é —Ä–∞–±–æ—Ç—É üëç",–ì—Ä—É–ø–ø–∞ 210812857,19.07.2025,02:14,1752855284,86,2,0,606142,-210812857,photo,https://vk.com/wall-210812857_606142
"–ù–∞—à–∏ –±–æ–π—Ü—ã –≤ –∑–æ–Ω–µ –°–í–û. –°–∏–ª—å–Ω—ã–µ, —Å–ø–æ–∫–æ–π–Ω—ã–µ, —Å–æ–±—Ä–∞–Ω–Ω—ã–µ. –î–µ–ª–∞—é—Ç —Å–≤–æ—é —Ä–∞–±–æ—Ç—É","–ù–∞—à–∏ –±–æ–π—Ü—ã –≤ –∑–æ–Ω–µ –°–í–û. –°–∏–ª—å–Ω—ã–µ, —Å–ø–æ–∫–æ–π–Ω—ã–µ, —Å–æ–±—Ä–∞–Ω–Ω—ã–µ. –î–µ–ª–∞—é—Ç —Å–≤–æ—é —Ä–∞–±–æ—Ç—É üëç

–ò—Å—Ç–æ—á–Ω–∏–∫: [https://vk.com/wall-214241020_781284|–°–≤–æ–¥–∫–∏ –°–í–û | –ê—Ä–º–∏—è | –†–æ—Å—Å–∏—è]",–ì—Ä—É–ø–ø–∞ 32224630,18.07.2025,23:01,1752843666,3,1,0,161828,-32224630,"link, photo",https://vk.com/wall-32224630_161828
"–ù–∞—à–∏ –±–æ–π—Ü—ã –≤ –∑–æ–Ω–µ –°–í–û. –°–∏–ª—å–Ω—ã–µ, —Å–ø–æ–∫–æ–π–Ω—ã–µ, —Å–æ–±—Ä–∞–Ω–Ω—ã–µ. –î–µ–ª–∞—é—Ç —Å–≤–æ—é —Ä–∞–±–æ—Ç—É","–ù–∞—à–∏ –±–æ–π—Ü—ã –≤ –∑–æ–Ω–µ –°–í–û. –°–∏–ª—å–Ω—ã–µ, —Å–ø–æ–∫–æ–π–Ω—ã–µ, —Å–æ–±—Ä–∞–Ω–Ω—ã–µ. –î–µ–ª–∞—é—Ç —Å–≤–æ—é —Ä–∞–±–æ—Ç—É üëç",–ì—Ä—É–ø–ø–∞ 224831014,18.07.2025,21:22,1752837766,7,0,1,34579,-224831014,photo,https://vk.com/wall-224831014_34579
"–ù–∞—à–∏ –±–æ–π—Ü—ã –≤ –∑–æ–Ω–µ –°–í–û. –°–∏–ª—å–Ω—ã–µ, —Å–ø–æ–∫–æ–π–Ω—ã–µ, —Å–æ–±—Ä–∞–Ω–Ω—ã–µ. –î–µ–ª–∞—é—Ç —Å–≤–æ—é —Ä–∞–±–æ—Ç—É","–ù–∞—à–∏ –±–æ–π—Ü—ã –≤ –∑–æ–Ω–µ –°–í–û. –°–∏–ª—å–Ω—ã–µ, —Å–ø–æ–∫–æ–π–Ω—ã–µ, —Å–æ–±—Ä–∞–Ω–Ω—ã–µ. –î–µ–ª–∞—é—Ç —Å–≤–æ—é —Ä–∞–±–æ—Ç—É üëç",–ì—Ä—É–ø–ø–∞ 176240918,18.07.2025,21:18,1752837484,12,0,0,52035,-176240918,photo,https://vk.com/wall-176240918_52035
"–ù–∞—à–∏ –±–æ–π—Ü—ã –≤ –∑–æ–Ω–µ –°–í–û. –°–∏–ª—å–Ω—ã–µ, —Å–ø–æ–∫–æ–π–Ω—ã–µ, —Å–æ–±—Ä–∞–Ω–Ω—ã–µ. –î–µ–ª–∞—é—Ç —Å–≤–æ—é —Ä–∞–±–æ—Ç—É","–ù–∞—à–∏ –±–æ–π—Ü—ã –≤ –∑–æ–Ω–µ –°–í–û. –°–∏–ª—å–Ω—ã–µ, —Å–ø–æ–∫–æ–π–Ω—ã–µ, —Å–æ–±—Ä–∞–Ω–Ω—ã–µ. –î–µ–ª–∞—é—Ç —Å–≤–æ—é —Ä–∞–±–æ—Ç—É üëç",–ì—Ä—É–ø–ø–∞ 98660148,18.07.2025,21:09,1752836992,16,0,0,822883,-98660148,photo,https://vk.com/wall-98660148_822883
"–ù–∞—à–∏ –±–æ–π—Ü—ã –≤ –∑–æ–Ω–µ –°–í–û. –°–∏–ª—å–Ω—ã–µ, —Å–ø–æ–∫–æ–π–Ω—ã–µ, —Å–æ–±—Ä–∞–Ω–Ω—ã–µ. –î–µ–ª–∞—é—Ç —Å–≤–æ—é —Ä–∞–±–æ—Ç—É","–ù–∞—à–∏ –±–æ–π—Ü—ã –≤ –∑–æ–Ω–µ –°–í–û. –°–∏–ª—å–Ω—ã–µ, —Å–ø–æ–∫–æ–π–Ω—ã–µ, —Å–æ–±—Ä–∞–Ω–Ω—ã–µ. –î–µ–ª–∞—é—Ç —Å–≤–æ—é —Ä–∞–±–æ—Ç—É üëç",–ì—Ä—É–ø–ø–∞ 223272296,18.07.2025,20:20,1752834029,39,0,0,151804,-223272296,photo,https://vk.com/wall-223272296_151804
"–ù–∞—à–∏ –±–æ–π—Ü—ã –≤ –∑–æ–Ω–µ –°–í–û. –°–∏–ª—å–Ω—ã–µ, —Å–ø–æ–∫–æ–π–Ω—ã–µ, —Å–æ–±—Ä–∞–Ω–Ω—ã–µ. –î–µ–ª–∞—é—Ç —Å–≤–æ—é —Ä–∞–±–æ—Ç—É","–ù–∞—à–∏ –±–æ–π—Ü—ã –≤ –∑–æ–Ω–µ –°–í–û. –°–∏–ª—å–Ω—ã–µ, —Å–ø–æ–∫–æ–π–Ω—ã–µ, —Å–æ–±—Ä–∞–Ω–Ω—ã–µ. –î–µ–ª–∞—é—Ç —Å–≤–æ—é —Ä–∞–±–æ—Ç—É üëç",–ì—Ä—É–ø–ø–∞ 125866183,18.07.2025,20:20,1752834017,18,0,1,516454,-125866183,photo,https://vk.com/wall-125866183_516454
"–ù–∞—à–∏ –±–æ–π—Ü—ã –≤ –∑–æ–Ω–µ –°–í–û. –°–∏–ª—å–Ω—ã–µ, —Å–ø–æ–∫–æ–π–Ω—ã–µ, —Å–æ–±—Ä–∞–Ω–Ω—ã–µ. –î–µ–ª–∞—é—Ç —Å–≤–æ—é —Ä–∞–±–æ—Ç—É","–¥–ª—è –Ω–∞—à–∏—Ö –≥–µ—Ä–æ–µ–≤ –ø—Ä–µ–¥—É—Å–º–æ—Ç—Ä–µ–Ω–∞ –≤—Å—è–∫–∞—è –ø–æ–º–æ—â—å, –¥–∞–∂–µ –º–µ–¥–∏–∫–æ-–ø—Å–∏—Ö–æ–ª–æ–≥–∏—á–µ—Å–∫–∞—è —Ä–µ–∞–±–∏–ª–∏—Ç–∞—Ü–∏—è. –î—É–º–∞—é —á—Ç–æ –æ–Ω–∞ –±—É–¥–µ—Ç –∫—Å—Ç–∞—Ç–∏, –≤—Å–µ —Ç–∞–∫–∏ —Å–æ–ª–¥–∞—Ç—ã –Ω–∞ –°–í–û –≤—ã–ø–æ–ª–Ω—è—é—Ç –æ—á–µ–Ω—å —Ç—Ä—É–¥–Ω—ã–µ –∑–∞–¥–∞—á–∏

---------------------------------

*–ù–∞—à–∏ –±–æ–π—Ü—ã –≤ –∑–æ–Ω–µ –°–í–û. –°–∏–ª—å–Ω—ã–µ, —Å–ø–æ–∫–æ–π–Ω—ã–µ, —Å–æ–±—Ä–∞–Ω–Ω—ã–µ. –î–µ–ª–∞—é—Ç —Å–≤–æ—é —Ä–∞–±–æ—Ç—É üëç*",–ü–æ–ª—å–∑–æ–≤–∞—Ç–µ–ª—å 1044104285,18.07.2025,20:09,1752833395,0,0,0,20,1044104285,–ë–µ–∑ –≤–ª–æ–∂–µ–Ω–∏–π,https://vk.com/wall1044104285_20
"–ù–∞—à–∏ –±–æ–π—Ü—ã –≤ –∑–æ–Ω–µ –°–í–û. –°–∏–ª—å–Ω—ã–µ, —Å–ø–æ–∫–æ–π–Ω—ã–µ, —Å–æ–±—Ä–∞–Ω–Ω—ã–µ. –î–µ–ª–∞—é—Ç —Å–≤–æ—é —Ä–∞–±–æ—Ç—É","–ö—Å—Ç–∞—Ç–∏, —Ç—Ä—É–¥–æ–≤—ã–µ –≥–∞—Ä–∞–Ω—Ç–∏–∏ –¥–ª—è –Ω–∞—à–∏—Ö –±–æ–π—Ü–æ–≤ –°–í–û —Å–æ—Ö—Ä–∞–Ω—è—é—Ç—Å—è, —Ç–∞–∫ —á—Ç–æ –æ –±—É–¥—É—â–µ–º –æ–Ω–∏ –º–æ–≥—É—Ç –Ω–µ –ø–µ—Ä–µ–∂–∏–≤–∞—Ç—å

----------------------------------

*–ù–∞—à–∏ –±–æ–π—Ü—ã –≤ –∑–æ–Ω–µ –°–í–û. –°–∏–ª—å–Ω—ã–µ, —Å–ø–æ–∫–æ–π–Ω—ã–µ, —Å–æ–±—Ä–∞–Ω–Ω—ã–µ. –î–µ–ª–∞—é—Ç —Å–≤–æ—é —Ä–∞–±–æ—Ç—É üëç*",–ü–æ–ª—å–∑–æ–≤–∞—Ç–µ–ª—å 1043885722,18.07.2025,20:09,1752833393,0,0,0,23,1043885722,–ë–µ–∑ –≤–ª–æ–∂–µ–Ω–∏–π,https://vk.com/wall1043885722_23
"–ù–∞—à–∏ –±–æ–π—Ü—ã –≤ –∑–æ–Ω–µ –°–í–û. –°–∏–ª—å–Ω—ã–µ, —Å–ø–æ–∫–æ–π–Ω—ã–µ, —Å–æ–±—Ä–∞–Ω–Ω—ã–µ. –î–µ–ª–∞—é—Ç —Å–≤–æ—é —Ä–∞–±–æ—Ç—É","–ù–∞—à–∏ –±–æ–π—Ü—ã –≤ –∑–æ–Ω–µ –°–í–û. –°–∏–ª—å–Ω—ã–µ, —Å–ø–æ–∫–æ–π–Ω—ã–µ, —Å–æ–±—Ä–∞–Ω–Ω—ã–µ. –î–µ–ª–∞—é—Ç —Å–≤–æ—é —Ä–∞–±–æ—Ç—É üëç",–ì—Ä—É–ø–ø–∞ 148824521,18.07.2025,19:01,1752829318,27,4,0,116419,-148824521,photo,https://vk.com/wall-148824521_116419
"–ù–∞—à–∏ –±–æ–π—Ü—ã –≤ –∑–æ–Ω–µ –°–í–û. –°–∏–ª—å–Ω—ã–µ, —Å–ø–æ–∫–æ–π–Ω—ã–µ, —Å–æ–±—Ä–∞–Ω–Ω—ã–µ. –î–µ–ª–∞—é—Ç —Å–≤–æ—é —Ä–∞–±–æ—Ç—É","–ù–∞—à–∏ –±–æ–π—Ü—ã –≤ –∑–æ–Ω–µ –°–í–û. –°–∏–ª—å–Ω—ã–µ, —Å–ø–æ–∫–æ–π–Ω—ã–µ, —Å–æ–±—Ä–∞–Ω–Ω—ã–µ. –î–µ–ª–∞—é—Ç —Å–≤–æ—é —Ä–∞–±–æ—Ç—É üëç",–ì—Ä—É–ø–ø–∞ 210977948,18.07.2025,18:30,1752827400,5,0,0,171082,-210977948,photo,https://vk.com/wall-210977948_171082
"–ù–∞—à–∏ –±–æ–π—Ü—ã –≤ –∑–æ–Ω–µ –°–í–û. –°–∏–ª—å–Ω—ã–µ, —Å–ø–æ–∫–æ–π–Ω—ã–µ, —Å–æ–±—Ä–∞–Ω–Ω—ã–µ. –î–µ–ª–∞—é—Ç —Å–≤–æ—é —Ä–∞–±–æ—Ç—É","–ù–∞—à–∏ –±–æ–π—Ü—ã –≤ –∑–æ–Ω–µ –°–í–û. –°–∏–ª—å–Ω—ã–µ, —Å–ø–æ–∫–æ–π–Ω—ã–µ, —Å–æ–±—Ä–∞–Ω–Ω—ã–µ. –î–µ–ª–∞—é—Ç —Å–≤–æ—é —Ä–∞–±–æ—Ç—É üëç",–ì—Ä—É–ø–ø–∞ 219816384,18.07.2025,17:19,1752823199,1100,23,40,165986,-219816384,photo,https://vk.com/wall-219816384_165986
"–ù–∞—à–∏ –±–æ–π—Ü—ã –≤ –∑–æ–Ω–µ –°–í–û. –°–∏–ª—å–Ω—ã–µ, —Å–ø–æ–∫–æ–π–Ω—ã–µ, —Å–æ–±—Ä–∞–Ω–Ω—ã–µ. –î–µ–ª–∞—é—Ç —Å–≤–æ—é —Ä–∞–±–æ—Ç—É","–ù–∞—à–∏ –±–æ–π—Ü—ã –≤ –∑–æ–Ω–µ –°–í–û. –°–∏–ª—å–Ω—ã–µ, —Å–ø–æ–∫–æ–π–Ω—ã–µ, —Å–æ–±—Ä–∞–Ω–Ω—ã–µ. –î–µ–ª–∞—é—Ç —Å–≤–æ—é —Ä–∞–±–æ—Ç—É üëç",–ì—Ä—É–ø–ø–∞ 227552131,18.07.2025,17:18,1752823128,31,0,0,31878,-227552131,photo,https://vk.com/wall-227552131_31878
"–ù–∞—à–∏ –±–æ–π—Ü—ã –≤ –∑–æ–Ω–µ –°–í–û. –°–∏–ª—å–Ω—ã–µ, —Å–ø–æ–∫–æ–π–Ω—ã–µ, —Å–æ–±—Ä–∞–Ω–Ω—ã–µ. –î–µ–ª–∞—é—Ç —Å–≤–æ—é —Ä–∞–±–æ—Ç—É","–ù–∞—à–∏ –±–æ–π—Ü—ã –≤ –∑–æ–Ω–µ –°–í–û. –°–∏–ª—å–Ω—ã–µ, —Å–ø–æ–∫–æ–π–Ω—ã–µ, —Å–æ–±—Ä–∞–Ω–Ω—ã–µ. –î–µ–ª–∞—é—Ç —Å–≤–æ—é —Ä–∞–±–æ—Ç—É üëç",–ì—Ä—É–ø–ø–∞ 226389423,18.07.2025,17:17,1752823061,145,1,0,9931,-226389423,photo,https://vk.com/wall-226389423_9931
"–ù–∞—à–∏ –±–æ–π—Ü—ã –≤ –∑–æ–Ω–µ –°–í–û. –°–∏–ª—å–Ω—ã–µ, —Å–ø–æ–∫–æ–π–Ω—ã–µ, —Å–æ–±—Ä–∞–Ω–Ω—ã–µ. –î–µ–ª–∞—é—Ç —Å–≤–æ—é —Ä–∞–±–æ—Ç—É","–ù–∞—à–∏ –±–æ–π—Ü—ã –≤ –∑–æ–Ω–µ –°–í–û. –°–∏–ª—å–Ω—ã–µ, —Å–ø–æ–∫–æ–π–Ω—ã–µ, —Å–æ–±—Ä–∞–Ω–Ω—ã–µ. –î–µ–ª–∞—é—Ç —Å–≤–æ—é —Ä–∞–±–æ—Ç—É üëç",–ì—Ä—É–ø–ø–∞ 152048620,18.07.2025,17:01,1752822072,367,1,0,79237,-152048620,photo,https://vk.com/wall-152048620_79237
"–ù–∞—à–∏ –±–æ–π—Ü—ã –≤ –∑–æ–Ω–µ –°–í–û. –°–∏–ª—å–Ω—ã–µ, —Å–ø–æ–∫–æ–π–Ω—ã–µ, —Å–æ–±—Ä–∞–Ω–Ω—ã–µ. –î–µ–ª–∞—é—Ç —Å–≤–æ—é —Ä–∞–±–æ—Ç—É","–ù–∞—à–∏ –±–æ–π—Ü—ã –≤ –∑–æ–Ω–µ –°–í–û. –°–∏–ª—å–Ω—ã–µ, —Å–ø–æ–∫–æ–π–Ω—ã–µ, —Å–æ–±—Ä–∞–Ω–Ω—ã–µ. –î–µ–ª–∞—é—Ç —Å–≤–æ—é —Ä–∞–±–æ—Ç—É üëç",–ì—Ä—É–ø–ø–∞ 202120091,18.07.2025,16:50,1752821436,441,8,0,269158,-202120091,photo,https://vk.com/wall-202120091_269158
"–ù–∞—à–∏ –±–æ–π—Ü—ã –≤ –∑–æ–Ω–µ –°–í–û. –°–∏–ª—å–Ω—ã–µ, —Å–ø–æ–∫–æ–π–Ω—ã–µ, —Å–æ–±—Ä–∞–Ω–Ω—ã–µ. –î–µ–ª–∞—é—Ç —Å–≤–æ—é —Ä–∞–±–æ—Ç—É","–ù–∞—à–∏ –±–æ–π—Ü—ã –≤ –∑–æ–Ω–µ –°–í–û. –°–∏–ª—å–Ω—ã–µ, —Å–ø–æ–∫–æ–π–Ω—ã–µ, —Å–æ–±—Ä–∞–Ω–Ω—ã–µ. –î–µ–ª–∞—é—Ç —Å–≤–æ—é —Ä–∞–±–æ—Ç—É üëç

–ù–æ–≤–æ—Å—Ç–∏ –≤ —Ç–≥ t.me/moskva24novosti

–î—Ä—É–≥–∞—è —Ç–µ–º–∞ taplink.cc/vk_select",–ì—Ä—É–ø–ø–∞ 229374911,18.07.2025,16:46,1752821209,0,1,0,16708,-229374911,photo,https://vk.com/wall-229374911_16708
"–ù–∞—à–∏ –±–æ–π—Ü—ã –≤ –∑–æ–Ω–µ –°–í–û. –°–∏–ª—å–Ω—ã–µ, —Å–ø–æ–∫–æ–π–Ω—ã–µ, —Å–æ–±—Ä–∞–Ω–Ω—ã–µ. –î–µ–ª–∞—é—Ç —Å–≤–æ—é —Ä–∞–±–æ—Ç—É","–ù–∞—à–∏ –±–æ–π—Ü—ã –≤ –∑–æ–Ω–µ –°–í–û. –°–∏–ª—å–Ω—ã–µ, —Å–ø–æ–∫–æ–π–Ω—ã–µ, —Å–æ–±—Ä–∞–Ω–Ω—ã–µ. –î–µ–ª–∞—é—Ç —Å–≤–æ—é —Ä–∞–±–æ—Ç—É üëç

–ù–æ–≤–æ—Å—Ç–∏ –≤ —Ç–≥ t.me/moskva24novosti

–î—Ä—É–≥–∞—è —Ç–µ–º–∞ taplink.cc/vk_select",–ì—Ä—É–ø–ø–∞ 229374823,18.07.2025,16:46,1752821204,0,1,0,15598,-229374823,photo,https://vk.com/wall-229374823_15598
"–ù–∞—à–∏ –±–æ–π—Ü—ã –≤ –∑–æ–Ω–µ –°–í–û. –°–∏–ª—å–Ω—ã–µ, —Å–ø–æ–∫–æ–π–Ω—ã–µ, —Å–æ–±—Ä–∞–Ω–Ω—ã–µ. –î–µ–ª–∞—é—Ç —Å–≤–æ—é —Ä–∞–±–æ—Ç—É","–ù–∞—à–∏ –±–æ–π—Ü—ã –≤ –∑–æ–Ω–µ –°–í–û. –°–∏–ª—å–Ω—ã–µ, —Å–ø–æ–∫–æ–π–Ω—ã–µ, —Å–æ–±—Ä–∞–Ω–Ω—ã–µ. –î–µ–ª–∞—é—Ç —Å–≤–æ—é —Ä–∞–±–æ—Ç—É üëç

–ù–æ–≤–æ—Å—Ç–∏ –≤ —Ç–≥ t.me/moskva24novosti

–î—Ä—É–≥–∞—è —Ç–µ–º–∞ taplink.cc/vk_select",–ì—Ä—É–ø–ø–∞ 229374888,18.07.2025,16:46,1752821200,0,1,0,16788,-229374888,photo,https://vk.com/wall-229374888_16788
"–ù–∞—à–∏ –±–æ–π—Ü—ã –≤ –∑–æ–Ω–µ –°–í–û. –°–∏–ª—å–Ω—ã–µ, —Å–ø–æ–∫–æ–π–Ω—ã–µ, —Å–æ–±—Ä–∞–Ω–Ω—ã–µ. –î–µ–ª–∞—é—Ç —Å–≤–æ—é —Ä–∞–±–æ—Ç—É","–ù–∞—à–∏ –±–æ–π—Ü—ã –≤ –∑–æ–Ω–µ –°–í–û. –°–∏–ª—å–Ω—ã–µ, —Å–ø–æ–∫–æ–π–Ω—ã–µ, —Å–æ–±—Ä–∞–Ω–Ω—ã–µ. –î–µ–ª–∞—é—Ç —Å–≤–æ—é —Ä–∞–±–æ—Ç—É üëç

–ù–æ–≤–æ—Å—Ç–∏ –≤ —Ç–≥ t.me/moskva24novosti

–î—Ä—É–≥–∞—è —Ç–µ–º–∞ taplink.cc/vk_select",–ì—Ä—É–ø–ø–∞ 32350763,18.07.2025,16:46,1752821196,1,1,0,43702,-32350763,photo,https://vk.com/wall-32350763_43702
"–ù–∞—à–∏ –±–æ–π—Ü—ã –≤ –∑–æ–Ω–µ –°–í–û. –°–∏–ª—å–Ω—ã–µ, —Å–ø–æ–∫–æ–π–Ω—ã–µ, —Å–æ–±—Ä–∞–Ω–Ω—ã–µ. –î–µ–ª–∞—é—Ç —Å–≤–æ—é —Ä–∞–±–æ—Ç—É","–ù–∞—à–∏ –±–æ–π—Ü—ã –≤ –∑–æ–Ω–µ –°–í–û. –°–∏–ª—å–Ω—ã–µ, —Å–ø–æ–∫–æ–π–Ω—ã–µ, —Å–æ–±—Ä–∞–Ω–Ω—ã–µ. –î–µ–ª–∞—é—Ç —Å–≤–æ—é —Ä–∞–±–æ—Ç—É üëç

–ù–æ–≤–æ—Å—Ç–∏ –≤ —Ç–≥ t.me/moskva24novosti

–î—Ä—É–≥–∞—è —Ç–µ–º–∞ taplink.cc/vk_select",–ì—Ä—É–ø–ø–∞ 229395764,18.07.2025,16:46,1752821190,0,1,0,16598,-229395764,photo,https://vk.com/wall-229395764_16598
"–ù–∞—à–∏ –±–æ–π—Ü—ã –≤ –∑–æ–Ω–µ –°–í–û. –°–∏–ª—å–Ω—ã–µ, —Å–ø–æ–∫–æ–π–Ω—ã–µ, —Å–æ–±—Ä–∞–Ω–Ω—ã–µ. –î–µ–ª–∞—é—Ç —Å–≤–æ—é —Ä–∞–±–æ—Ç—É","–ù–∞—à–∏ –±–æ–π—Ü—ã –≤ –∑–æ–Ω–µ –°–í–û. –°–∏–ª—å–Ω—ã–µ, —Å–ø–æ–∫–æ–π–Ω—ã–µ, —Å–æ–±—Ä–∞–Ω–Ω—ã–µ. –î–µ–ª–∞—é—Ç —Å–≤–æ—é —Ä–∞–±–æ—Ç—É üëç",–ì—Ä—É–ø–ø–∞ 221267807,18.07.2025,16:37,1752820639,27,0,0,163368,-221267807,photo,https://vk.com/wall-221267807_163368
"–ù–∞—à–∏ –±–æ–π—Ü—ã –≤ –∑–æ–Ω–µ –°–í–û. –°–∏–ª—å–Ω—ã–µ, —Å–ø–æ–∫–æ–π–Ω—ã–µ, —Å–æ–±—Ä–∞–Ω–Ω—ã–µ. –î–µ–ª–∞—é—Ç —Å–≤–æ—é —Ä–∞–±–æ—Ç—É","–ù–∞—à–∏ –±–æ–π—Ü—ã –≤ –∑–æ–Ω–µ –°–í–û. –°–∏–ª—å–Ω—ã–µ, —Å–ø–æ–∫–æ–π–Ω—ã–µ, —Å–æ–±—Ä–∞–Ω–Ω—ã–µ. –î–µ–ª–∞—é—Ç —Å–≤–æ—é —Ä–∞–±–æ—Ç—É üëç",–ì—Ä—É–ø–ø–∞ 147085429,18.07.2025,16:32,1752820375,43,5,0,118995,-147085429,photo,https://vk.com/wall-147085429_118995
"–ù–∞—à–∏ –±–æ–π—Ü—ã –≤ –∑–æ–Ω–µ –°–í–û. –°–∏–ª—å–Ω—ã–µ, —Å–ø–æ–∫–æ–π–Ω—ã–µ, —Å–æ–±—Ä–∞–Ω–Ω—ã–µ. –î–µ–ª–∞—é—Ç —Å–≤–æ—é —Ä–∞–±–æ—Ç—É","–ù–∞—à–∏ –±–æ–π—Ü—ã –≤ –∑–æ–Ω–µ –°–í–û. –°–∏–ª—å–Ω—ã–µ, —Å–ø–æ–∫–æ–π–Ω—ã–µ, —Å–æ–±—Ä–∞–Ω–Ω—ã–µ. –î–µ–ª–∞—é—Ç —Å–≤–æ—é —Ä–∞–±–æ—Ç—É üëç",–ì—Ä—É–ø–ø–∞ 214241020,18.07.2025,16:14,1752819271,686,7,0,781284,-214241020,photo,https://vk.com/wall-214241020_781284
